customer_id,city,state,pincode,customer_tenure_days,total_orders,total_returns,overall_return_rate,avg_order_value,avg_days_between_orders,last_order_days_ago,preferred_category,frequent_return_flag
C1,Lucknow,Uttar Pradesh,134225,267,23,6,0.26,9940,22.67389574697583,45,Home Appliances,0
C2,Hyderabad,Telangana,926097,840,21,1,0.05,19826,21.529576071334194,60,Electronics,0
C3,Hyderabad,Telangana,256226,302,46,9,0.2,5160,6.7852459213953535,11,Footwear,0
C4,Chennai,Tamil Nadu,230394,509,33,14,0.42,10464,22.49334212439293,18,Home Appliances,1
C5,Lucknow,Uttar Pradesh,727086,70,10,0,0.0,14656,23.363348082140384,39,Footwear,0
C6,Hyderabad,Telangana,976566,619,48,8,0.17,19738,28.76965694515881,49,Footwear,0
C7,Bangalore,Karnataka,593355,561,16,0,0.0,14990,27.901819698169188,12,Home Appliances,0
C8,Lucknow,Uttar Pradesh,592841,386,10,1,0.1,13880,13.3327098416273,43,Apparel,0
C9,Kolkata,West Bengal,827369,537,31,3,0.1,9944,21.56458842478572,26,Apparel,0
C10,Kolkata,West Bengal,438977,148,21,0,0.0,13744,26.622764601296975,53,Apparel,0
C11,Lucknow,Uttar Pradesh,156837,222,31,0,0.0,17488,14.044483978791881,49,Home Appliances,0
C12,Bangalore,Karnataka,380028,592,18,3,0.17,4793,28.191819021111193,29,Home Appliances,0
C13,Hyderabad,Telangana,266071,348,50,4,0.08,18549,5.341861611651517,27,Apparel,0
C14,Mumbai,Maharashtra,223172,693,34,5,0.15,5545,17.45938761767988,46,Footwear,0
C15,Chennai,Tamil Nadu,975271,524,31,5,0.16,15973,11.09327265187846,36,Electronics,0
C16,Delhi,Delhi,389666,821,9,0,0.0,14096,13.496881077857388,51,Footwear,0
C17,Chennai,Tamil Nadu,978157,631,24,5,0.21,19502,29.97255833073347,32,Electronics,0
C18,Lucknow,Uttar Pradesh,607868,383,39,0,0.0,11393,18.797935426770273,35,Home Appliances,0
C19,Kolkata,West Bengal,831380,274,17,1,0.06,19236,14.574271223240055,55,Home Appliances,0
C20,Lucknow,Uttar Pradesh,950823,420,50,1,0.02,13151,29.710350048484063,51,Electronics,0
C21,Bangalore,Karnataka,626690,634,13,1,0.08,11378,26.742507834055385,56,Home Appliances,0
C22,Lucknow,Uttar Pradesh,857537,177,5,0,0.0,13934,26.77332428373048,10,Apparel,0
C23,Chennai,Tamil Nadu,753534,739,26,1,0.04,13524,21.245916314481814,55,Footwear,0
C24,Jaipur,Rajasthan,757246,765,25,4,0.16,16489,26.809575434963406,3,Apparel,0
C25,Chennai,Tamil Nadu,883041,122,19,2,0.11,14720,29.458443205513642,49,Apparel,0
C26,Chennai,Tamil Nadu,148225,362,6,0,0.0,2338,12.334194399130219,24,Home Appliances,0
C27,Jaipur,Rajasthan,814919,841,41,6,0.15,6400,9.249591226702435,6,Home Appliances,0
C28,Hyderabad,Telangana,711484,176,36,1,0.03,8108,16.528747833874938,17,Home Appliances,0
C29,Bangalore,Karnataka,401603,723,34,0,0.0,18410,8.949390551794673,29,Footwear,0
C30,Chennai,Tamil Nadu,544920,736,45,12,0.27,8695,16.42089531669466,20,Electronics,0
C31,Lucknow,Uttar Pradesh,348728,420,11,1,0.09,19240,13.973978939431145,19,Footwear,0
C32,Jaipur,Rajasthan,108491,609,22,10,0.45,2107,27.765423842967763,48,Home Appliances,1
C33,Chennai,Tamil Nadu,736553,851,19,0,0.0,12044,10.475113473202637,13,Footwear,0
C34,Delhi,Delhi,201883,672,45,7,0.16,1791,12.723322098815903,29,Apparel,0
C35,Delhi,Delhi,409445,364,10,5,0.5,14115,9.391001761107667,9,Footwear,1
C36,Chennai,Tamil Nadu,369452,874,15,0,0.0,16289,29.184601904170304,19,Footwear,0
C37,Lucknow,Uttar Pradesh,247594,802,9,1,0.11,7892,26.503514922470547,47,Home Appliances,0
C38,Kolkata,West Bengal,929090,434,10,2,0.2,956,11.611464458810595,8,Home Appliances,0
C39,Kolkata,West Bengal,885395,718,48,0,0.0,9090,19.614002291304153,53,Footwear,0
C40,Hyderabad,Telangana,126240,664,35,1,0.03,18896,13.200157045434398,40,Electronics,0
C41,Mumbai,Maharashtra,963874,505,45,5,0.11,10402,21.230986157114778,8,Electronics,0
C42,Bangalore,Karnataka,616554,148,24,2,0.08,3684,10.870000810783226,35,Electronics,0
C43,Kolkata,West Bengal,879238,743,47,11,0.23,18201,15.47816883536807,48,Electronics,0
C44,Jaipur,Rajasthan,203831,883,46,0,0.0,16534,20.39130535127891,18,Apparel,0
C45,Hyderabad,Telangana,566297,271,33,3,0.09,12384,7.483865615153258,44,Footwear,0
C46,Kolkata,West Bengal,517479,312,8,2,0.25,6719,29.20517189840967,55,Home Appliances,0
C47,Mumbai,Maharashtra,322409,687,47,1,0.02,1199,6.264462766571825,22,Electronics,0
C48,Delhi,Delhi,315173,100,41,0,0.0,18660,10.178934258666462,14,Electronics,0
C49,Delhi,Delhi,102973,313,43,6,0.14,5241,29.688182609154307,35,Footwear,0
C50,Delhi,Delhi,793169,56,12,1,0.08,4818,5.371508180767721,51,Electronics,0
C51,Bangalore,Karnataka,378258,83,16,2,0.12,4653,23.542951423853737,34,Apparel,0
C52,Lucknow,Uttar Pradesh,915809,400,33,13,0.39,17317,19.841650446700676,29,Electronics,1
C53,Bangalore,Karnataka,646781,338,47,4,0.09,15509,21.08351710513722,2,Apparel,0
C54,Lucknow,Uttar Pradesh,546980,732,30,0,0.0,4037,17.256721353605634,59,Home Appliances,0
C55,Mumbai,Maharashtra,737846,181,25,2,0.08,2652,8.154789707626401,40,Footwear,0
C56,Chennai,Tamil Nadu,630108,649,34,6,0.18,14596,7.4794615419760495,45,Apparel,0
C57,Hyderabad,Telangana,573489,263,32,4,0.12,14059,13.47329047087938,30,Home Appliances,0
C58,Mumbai,Maharashtra,547494,350,25,4,0.16,8852,14.357525585888421,10,Home Appliances,0
C59,Mumbai,Maharashtra,552855,128,10,0,0.0,12710,25.29423213193481,36,Apparel,0
C60,Kolkata,West Bengal,228168,450,47,4,0.09,12086,26.840184305857964,49,Home Appliances,0
C61,Bangalore,Karnataka,729575,349,23,0,0.0,12022,7.590014148115835,33,Electronics,0
C62,Lucknow,Uttar Pradesh,988432,140,19,0,0.0,11972,26.134335465033626,24,Apparel,0
C63,Hyderabad,Telangana,986209,604,32,6,0.19,18743,5.656345786339585,60,Footwear,0
C64,Chennai,Tamil Nadu,899444,346,49,4,0.08,11635,13.775585518424545,12,Electronics,0
C65,Jaipur,Rajasthan,248766,788,9,2,0.22,1504,7.293942076361133,34,Electronics,0
C66,Lucknow,Uttar Pradesh,265055,408,26,6,0.23,10711,23.03989919356683,50,Apparel,0
C67,Delhi,Delhi,891083,662,15,0,0.0,2130,21.849217765327825,18,Home Appliances,0
C68,Jaipur,Rajasthan,736565,482,36,0,0.0,14071,11.829171109119237,49,Apparel,0
C69,Mumbai,Maharashtra,811163,724,23,0,0.0,19935,17.16581883410627,43,Footwear,0
C70,Bangalore,Karnataka,514463,643,19,2,0.11,2295,5.1921771474970715,20,Electronics,0
C71,Delhi,Delhi,403507,365,21,0,0.0,4431,5.193247664232798,48,Home Appliances,0
C72,Jaipur,Rajasthan,837852,265,39,2,0.05,16892,18.96808919186782,43,Footwear,0
C73,Bangalore,Karnataka,119651,500,32,2,0.06,3051,26.55275034030166,37,Home Appliances,0
C74,Jaipur,Rajasthan,220768,444,23,3,0.13,1183,29.154992275828153,11,Home Appliances,0
C75,Kolkata,West Bengal,557925,894,10,2,0.2,3968,11.082911870568342,38,Home Appliances,0
C76,Jaipur,Rajasthan,882033,377,24,6,0.25,7760,13.3267155623283,11,Apparel,0
C77,Mumbai,Maharashtra,634723,228,38,2,0.05,11948,13.777493373934012,53,Electronics,0
C78,Delhi,Delhi,306854,207,21,6,0.29,5509,24.005382388672302,42,Apparel,0
C79,Delhi,Delhi,618119,505,45,1,0.02,18972,23.99692874019371,29,Footwear,0
C80,Kolkata,West Bengal,561124,99,14,4,0.29,15865,16.05520159590712,20,Footwear,0
C81,Kolkata,West Bengal,177794,347,37,9,0.24,15630,16.297846592517054,4,Footwear,0
C82,Mumbai,Maharashtra,996840,122,46,5,0.11,19966,17.676695433348875,30,Apparel,0
C83,Lucknow,Uttar Pradesh,783501,222,41,1,0.02,11035,20.125145851751604,33,Electronics,0
C84,Lucknow,Uttar Pradesh,950360,887,11,4,0.36,11753,29.559639527334934,6,Electronics,1
C85,Lucknow,Uttar Pradesh,649525,565,33,4,0.12,5701,14.09744899214282,59,Footwear,0
C86,Kolkata,West Bengal,726928,83,48,6,0.12,11465,6.647796356992936,7,Home Appliances,0
C87,Delhi,Delhi,185461,626,26,3,0.12,5134,27.918661376428005,20,Home Appliances,0
C88,Mumbai,Maharashtra,686072,415,24,3,0.12,11263,25.329619595370023,43,Apparel,0
C89,Jaipur,Rajasthan,479404,48,37,3,0.08,12381,12.721651751597022,14,Footwear,0
C90,Lucknow,Uttar Pradesh,337547,170,17,0,0.0,5577,6.929127107521908,55,Apparel,0
C91,Bangalore,Karnataka,453123,814,47,13,0.28,4794,19.93116102679071,10,Electronics,0
C92,Delhi,Delhi,145814,450,33,3,0.09,12437,21.90907305471332,16,Home Appliances,0
C93,Lucknow,Uttar Pradesh,659951,274,19,0,0.0,10640,29.13991592985091,51,Home Appliances,0
C94,Hyderabad,Telangana,811256,614,28,5,0.18,14937,16.54199946102473,19,Home Appliances,0
C95,Jaipur,Rajasthan,956572,234,15,0,0.0,5035,26.82504800148368,4,Home Appliances,0
C96,Mumbai,Maharashtra,986982,558,50,14,0.28,4585,12.126575351483211,49,Electronics,0
C97,Delhi,Delhi,196168,257,32,5,0.16,15282,27.115744342950187,60,Apparel,0
C98,Jaipur,Rajasthan,492127,271,37,6,0.16,13153,29.86313378095728,24,Electronics,0
C99,Mumbai,Maharashtra,781533,373,50,0,0.0,5285,8.439989693146792,19,Home Appliances,0
C100,Delhi,Delhi,591897,489,50,14,0.28,672,27.64643722758177,2,Footwear,0
C101,Delhi,Delhi,862560,653,40,10,0.25,17794,15.581368973699742,50,Footwear,0
C102,Mumbai,Maharashtra,350021,459,8,1,0.12,15478,6.570178775276595,54,Home Appliances,0
C103,Bangalore,Karnataka,640410,618,45,13,0.29,8427,22.963608194808817,19,Home Appliances,0
C104,Kolkata,West Bengal,698384,456,20,3,0.15,6637,21.609282543550226,6,Footwear,0
C105,Bangalore,Karnataka,592972,74,29,7,0.24,13177,29.525985563789007,17,Apparel,0
C106,Mumbai,Maharashtra,352838,780,27,9,0.33,3896,24.287534352746476,48,Footwear,1
C107,Kolkata,West Bengal,454992,863,39,11,0.28,6237,25.759591419090068,44,Home Appliances,0
C108,Lucknow,Uttar Pradesh,291132,860,45,13,0.29,4918,6.577513425805615,50,Home Appliances,0
C109,Hyderabad,Telangana,929538,234,7,0,0.0,1873,12.889895501243132,20,Home Appliances,0
C110,Lucknow,Uttar Pradesh,138399,801,21,0,0.0,6762,12.152772388788716,56,Apparel,0
C111,Kolkata,West Bengal,230521,848,22,6,0.27,12559,15.92378457812341,26,Home Appliances,0
C112,Jaipur,Rajasthan,295892,538,26,6,0.23,16802,14.18367317399205,52,Footwear,0
C113,Jaipur,Rajasthan,551524,646,10,0,0.0,6413,18.636859933615924,21,Apparel,0
C114,Mumbai,Maharashtra,793024,332,25,3,0.12,10543,16.147894077491316,46,Home Appliances,0
C115,Lucknow,Uttar Pradesh,568849,73,27,5,0.19,12052,20.37128705496911,28,Footwear,0
C116,Bangalore,Karnataka,803787,682,9,3,0.33,13810,14.082778266274557,52,Electronics,1
C117,Delhi,Delhi,811027,830,43,4,0.09,14858,5.8699741449635505,5,Electronics,0
C118,Kolkata,West Bengal,501451,610,28,0,0.0,1561,20.127370721369637,44,Home Appliances,0
C119,Kolkata,West Bengal,900152,108,33,6,0.18,19306,8.44237769571317,24,Home Appliances,0
C120,Kolkata,West Bengal,392227,285,46,1,0.02,4217,5.64783352160358,12,Home Appliances,0
C121,Mumbai,Maharashtra,912609,296,21,1,0.05,15123,10.364260635592993,40,Footwear,0
C122,Lucknow,Uttar Pradesh,228594,168,17,5,0.29,2926,16.301067131134936,58,Home Appliances,0
C123,Kolkata,West Bengal,464301,756,47,14,0.3,2627,18.749928687172265,19,Footwear,0
C124,Delhi,Delhi,844031,747,50,1,0.02,6204,24.84240959612507,33,Electronics,0
C125,Hyderabad,Telangana,348235,839,13,1,0.08,16688,5.657100670206642,36,Footwear,0
C126,Delhi,Delhi,190403,97,44,4,0.09,10634,14.953999519272713,46,Home Appliances,0
C127,Jaipur,Rajasthan,177333,158,41,12,0.29,10888,21.058464734659534,29,Home Appliances,0
C128,Kolkata,West Bengal,969325,828,13,5,0.38,18565,20.994848234166575,12,Electronics,1
C129,Bangalore,Karnataka,643269,186,12,5,0.42,10465,9.116426997253104,21,Electronics,1
C130,Chennai,Tamil Nadu,362778,231,10,3,0.3,18549,11.861275830337831,41,Footwear,0
C131,Mumbai,Maharashtra,772124,202,37,18,0.49,19892,28.540174696714896,10,Electronics,1
C132,Kolkata,West Bengal,143195,875,41,8,0.2,1429,7.030571372334247,42,Footwear,0
C133,Jaipur,Rajasthan,770030,61,44,14,0.32,16819,27.22492203622386,35,Footwear,1
C134,Chennai,Tamil Nadu,356773,854,35,0,0.0,13806,12.435846785743557,5,Apparel,0
C135,Jaipur,Rajasthan,587002,238,35,4,0.11,11647,20.166506570515907,21,Footwear,0
C136,Kolkata,West Bengal,237118,808,30,4,0.13,12641,17.87450335205555,7,Footwear,0
C137,Hyderabad,Telangana,228473,303,34,0,0.0,15232,11.19797206313864,7,Apparel,0
C138,Chennai,Tamil Nadu,745270,458,29,2,0.07,8635,29.06714630598342,58,Electronics,0
C139,Kolkata,West Bengal,900190,193,17,1,0.06,16827,29.89923527738542,30,Home Appliances,0
C140,Lucknow,Uttar Pradesh,194423,432,6,0,0.0,17062,16.430766054743273,16,Electronics,0
C141,Bangalore,Karnataka,395023,536,8,3,0.38,15920,12.143709536025439,1,Apparel,1
C142,Chennai,Tamil Nadu,900961,442,28,9,0.32,12491,6.131059862781616,4,Electronics,1
C143,Chennai,Tamil Nadu,505116,546,9,3,0.33,15257,24.11010286768099,18,Apparel,1
C144,Mumbai,Maharashtra,491326,843,30,1,0.03,11611,18.945795956803217,24,Electronics,0
C145,Jaipur,Rajasthan,142210,76,37,1,0.03,1775,8.42590933918801,22,Home Appliances,0
C146,Delhi,Delhi,640546,173,43,6,0.14,11246,28.284218388249748,21,Electronics,0
C147,Chennai,Tamil Nadu,452713,549,42,3,0.07,17202,18.30849574689691,46,Footwear,0
C148,Bangalore,Karnataka,447329,719,28,2,0.07,4091,29.497450779479045,38,Footwear,0
C149,Bangalore,Karnataka,597643,301,43,3,0.07,19455,19.44085989660457,47,Apparel,0
C150,Delhi,Delhi,759580,768,38,7,0.18,12958,8.694392707508296,44,Electronics,0
C151,Mumbai,Maharashtra,119857,481,17,4,0.24,10779,15.46950745422975,27,Electronics,0
C152,Lucknow,Uttar Pradesh,840058,171,8,4,0.5,17496,10.183542624281117,21,Home Appliances,1
C153,Kolkata,West Bengal,581992,575,16,2,0.12,11717,18.656830481120757,44,Footwear,0
C154,Hyderabad,Telangana,392559,601,20,1,0.05,10281,10.621675949820418,20,Footwear,0
C155,Lucknow,Uttar Pradesh,603110,387,25,2,0.08,18866,28.342509369270015,51,Footwear,0
C156,Jaipur,Rajasthan,958130,383,30,0,0.0,5299,12.261316299823388,19,Apparel,0
C157,Kolkata,West Bengal,787836,292,33,1,0.03,16198,10.34967020192519,53,Footwear,0
C158,Chennai,Tamil Nadu,214532,660,13,0,0.0,19729,10.982051648657402,4,Electronics,0
C159,Bangalore,Karnataka,533377,368,11,0,0.0,15979,7.513622619433697,50,Electronics,0
C160,Delhi,Delhi,784607,517,31,3,0.1,16145,21.263467296856636,49,Footwear,0
C161,Bangalore,Karnataka,783984,617,10,2,0.2,8109,18.378806922340118,47,Apparel,0
C162,Delhi,Delhi,978292,210,31,0,0.0,1690,29.92929507721275,26,Home Appliances,0
C163,Chennai,Tamil Nadu,109717,335,7,2,0.29,19110,20.069574137646832,60,Footwear,0
C164,Lucknow,Uttar Pradesh,992400,546,13,0,0.0,15836,11.820927037449811,52,Apparel,0
C165,Lucknow,Uttar Pradesh,369761,765,46,7,0.15,6601,5.352104890461619,22,Footwear,0
C166,Hyderabad,Telangana,740632,684,16,4,0.25,13787,25.67474563190774,33,Footwear,0
C167,Mumbai,Maharashtra,247442,518,16,2,0.12,11103,28.39563467503471,1,Footwear,0
C168,Lucknow,Uttar Pradesh,445637,339,22,4,0.18,19586,23.072063210024936,1,Footwear,0
C169,Hyderabad,Telangana,800224,151,8,1,0.12,15750,12.670158550090495,26,Footwear,0
C170,Mumbai,Maharashtra,409369,406,45,0,0.0,7736,10.478215023383598,9,Home Appliances,0
C171,Kolkata,West Bengal,836038,592,31,13,0.42,15928,23.93376308260815,52,Electronics,1
C172,Mumbai,Maharashtra,568449,570,38,7,0.18,12354,6.952568053686004,37,Apparel,0
C173,Hyderabad,Telangana,662728,183,41,0,0.0,5891,13.202940943555163,34,Home Appliances,0
C174,Hyderabad,Telangana,711474,530,50,0,0.0,3479,27.472233792836843,29,Apparel,0
C175,Jaipur,Rajasthan,691303,89,34,3,0.09,18810,16.559457643473092,52,Footwear,0
C176,Jaipur,Rajasthan,956113,33,21,6,0.29,7640,19.457781626475885,3,Home Appliances,0
C177,Mumbai,Maharashtra,163182,100,39,10,0.26,15968,5.793371775576976,27,Electronics,0
C178,Delhi,Delhi,864715,691,46,3,0.07,14274,14.36152301595669,58,Home Appliances,0
C179,Jaipur,Rajasthan,184148,729,29,5,0.17,18171,8.324745158391835,56,Footwear,0
C180,Jaipur,Rajasthan,233533,775,38,11,0.29,7797,25.870540291717887,49,Apparel,0
C181,Lucknow,Uttar Pradesh,854024,587,48,4,0.08,14397,18.29834021241897,53,Electronics,0
C182,Kolkata,West Bengal,389039,223,14,1,0.07,4197,5.805432872749526,43,Home Appliances,0
C183,Bangalore,Karnataka,316092,98,20,2,0.1,3806,19.848603686983935,29,Apparel,0
C184,Hyderabad,Telangana,521805,479,7,0,0.0,8178,18.49399522268571,49,Apparel,0
C185,Chennai,Tamil Nadu,955413,779,19,0,0.0,19377,12.9725924092298,39,Footwear,0
C186,Delhi,Delhi,646571,256,47,7,0.15,14051,12.51252384393549,4,Electronics,0
C187,Jaipur,Rajasthan,619696,78,40,15,0.38,11785,28.539660245797794,43,Home Appliances,1
C188,Kolkata,West Bengal,536548,448,49,22,0.45,5389,12.497212360885028,12,Home Appliances,1
C189,Hyderabad,Telangana,999197,754,24,11,0.46,5230,25.144403998372173,59,Apparel,1
C190,Jaipur,Rajasthan,655736,167,40,3,0.07,13227,11.071462902239643,14,Footwear,0
C191,Mumbai,Maharashtra,988283,409,33,0,0.0,3529,18.39088840868039,54,Electronics,0
C192,Bangalore,Karnataka,495489,719,22,2,0.09,1795,26.840511462238492,13,Electronics,0
C193,Kolkata,West Bengal,116078,246,24,4,0.17,6726,29.051938902861476,8,Home Appliances,0
C194,Hyderabad,Telangana,350956,595,30,5,0.17,11038,24.387847051594257,25,Home Appliances,0
C195,Kolkata,West Bengal,374267,398,24,0,0.0,17303,27.07029880905101,30,Apparel,0
C196,Lucknow,Uttar Pradesh,312994,409,25,4,0.16,10753,15.348254264465615,37,Electronics,0
C197,Bangalore,Karnataka,680189,628,21,4,0.19,19477,23.00029844373056,19,Electronics,0
C198,Hyderabad,Telangana,341192,418,26,0,0.0,19170,25.83406788217463,32,Footwear,0
C199,Lucknow,Uttar Pradesh,875520,532,46,4,0.09,15600,9.205841148788526,51,Footwear,0
C200,Lucknow,Uttar Pradesh,668471,687,16,0,0.0,2424,18.098610385101985,54,Apparel,0
C201,Bangalore,Karnataka,532424,170,5,0,0.0,8083,6.699198541635566,10,Apparel,0
C202,Hyderabad,Telangana,578160,412,37,1,0.03,2480,20.445880896920073,43,Home Appliances,0
C203,Lucknow,Uttar Pradesh,106933,574,6,0,0.0,18576,15.283462705435412,2,Footwear,0
C204,Chennai,Tamil Nadu,626611,862,6,2,0.33,14609,25.154192473685722,59,Electronics,1
C205,Mumbai,Maharashtra,256130,276,38,9,0.24,6789,20.494521060298382,17,Footwear,0
C206,Chennai,Tamil Nadu,182857,412,30,1,0.03,13804,16.474943638779628,16,Electronics,0
C207,Mumbai,Maharashtra,999908,695,46,14,0.3,1538,7.337512635677736,25,Home Appliances,1
C208,Lucknow,Uttar Pradesh,767678,39,8,0,0.0,6115,7.067153062645044,55,Home Appliances,0
C209,Kolkata,West Bengal,999636,127,41,6,0.15,17806,27.9788053860053,15,Electronics,0
C210,Lucknow,Uttar Pradesh,148823,106,22,2,0.09,9687,27.482791271625217,37,Apparel,0
C211,Kolkata,West Bengal,317221,631,6,0,0.0,5224,23.806361746171625,46,Home Appliances,0
C212,Chennai,Tamil Nadu,691353,276,15,0,0.0,19069,25.8662640022938,25,Footwear,0
C213,Delhi,Delhi,859340,110,49,11,0.22,16909,23.63641403137209,23,Apparel,0
C214,Hyderabad,Telangana,457137,649,9,0,0.0,13499,29.223013180038873,21,Apparel,0
C215,Lucknow,Uttar Pradesh,339220,394,36,5,0.14,18621,28.528571124268137,28,Electronics,0
C216,Jaipur,Rajasthan,909676,663,10,4,0.4,10178,24.951379345068666,46,Apparel,1
C217,Delhi,Delhi,846247,832,29,0,0.0,5555,23.491382224414863,21,Footwear,0
C218,Bangalore,Karnataka,566339,398,24,1,0.04,9339,7.555785352831147,6,Electronics,0
C219,Jaipur,Rajasthan,127537,121,11,2,0.18,12097,18.8554951349393,39,Footwear,0
C220,Bangalore,Karnataka,533911,427,23,3,0.13,3275,23.12109610086978,36,Electronics,0
C221,Delhi,Delhi,499226,203,48,6,0.12,5049,11.72297408825369,18,Home Appliances,0
C222,Delhi,Delhi,389366,461,32,1,0.03,10322,17.105782848348213,5,Footwear,0
C223,Chennai,Tamil Nadu,855917,670,20,2,0.1,16746,19.845159950976964,13,Home Appliances,0
C224,Mumbai,Maharashtra,419457,36,13,0,0.0,13466,13.305430382790673,40,Home Appliances,0
C225,Kolkata,West Bengal,450996,470,33,9,0.27,19977,8.40311178945662,21,Electronics,0
C226,Lucknow,Uttar Pradesh,286266,437,25,0,0.0,10957,12.28620378950133,45,Home Appliances,0
C227,Hyderabad,Telangana,494322,317,25,5,0.2,13375,14.125388434880938,60,Electronics,0
C228,Delhi,Delhi,904905,593,48,7,0.15,1381,28.8251152871574,30,Electronics,0
C229,Chennai,Tamil Nadu,172518,868,49,18,0.37,13906,21.824441309888513,9,Footwear,1
C230,Delhi,Delhi,543681,838,50,6,0.12,12853,6.849128389557212,39,Home Appliances,0
C231,Jaipur,Rajasthan,631221,738,39,1,0.03,14206,18.59113008468694,51,Footwear,0
C232,Mumbai,Maharashtra,906306,284,11,7,0.64,12132,9.158462332002788,40,Apparel,1
C233,Jaipur,Rajasthan,934908,470,26,12,0.46,3971,5.263694319614499,17,Electronics,1
C234,Hyderabad,Telangana,492292,430,33,0,0.0,15673,24.3085558115608,38,Electronics,0
C235,Bangalore,Karnataka,209627,332,35,7,0.2,14130,28.01368861677644,6,Apparel,0
C236,Delhi,Delhi,427040,381,27,4,0.15,15420,24.606749938217423,34,Home Appliances,0
C237,Mumbai,Maharashtra,857065,743,33,5,0.15,15325,12.97273685544251,20,Apparel,0
C238,Mumbai,Maharashtra,990429,381,6,1,0.17,4083,21.9284833222721,11,Electronics,0
C239,Delhi,Delhi,687044,466,26,3,0.12,15640,10.796388685285258,26,Electronics,0
C240,Delhi,Delhi,789237,472,45,3,0.07,13462,5.729806858559765,40,Electronics,0
C241,Jaipur,Rajasthan,104666,751,29,4,0.14,7538,10.144611984183047,49,Apparel,0
C242,Delhi,Delhi,441819,231,28,7,0.25,15493,7.848874267629048,43,Home Appliances,0
C243,Kolkata,West Bengal,507517,655,43,2,0.05,13362,19.67511786413045,23,Footwear,0
C244,Delhi,Delhi,840282,849,48,6,0.12,10246,27.96706449510241,38,Apparel,0
C245,Delhi,Delhi,223586,274,25,0,0.0,10506,7.9237225992688,24,Electronics,0
C246,Jaipur,Rajasthan,725397,171,31,3,0.1,19335,14.592749070942174,12,Home Appliances,0
C247,Delhi,Delhi,274971,531,40,4,0.1,9964,8.507413377444927,21,Home Appliances,0
C248,Kolkata,West Bengal,608149,169,5,1,0.2,6893,25.380398516346546,36,Home Appliances,0
C249,Jaipur,Rajasthan,615611,455,48,9,0.19,15044,17.21748779849214,6,Apparel,0
C250,Hyderabad,Telangana,134283,311,23,3,0.13,7867,18.440215455120487,11,Home Appliances,0
C251,Lucknow,Uttar Pradesh,635618,145,40,3,0.07,19266,7.85516628397422,50,Footwear,0
C252,Bangalore,Karnataka,672892,253,33,3,0.09,14431,7.560410971937458,54,Electronics,0
C253,Bangalore,Karnataka,375581,386,33,3,0.09,3350,15.976747584583324,8,Electronics,0
C254,Kolkata,West Bengal,739905,677,50,0,0.0,14530,9.14954044225648,9,Electronics,0
C255,Hyderabad,Telangana,697766,389,8,0,0.0,17941,12.02712546975495,35,Electronics,0
C256,Chennai,Tamil Nadu,700556,303,23,6,0.26,17356,29.637207556544855,44,Apparel,0
C257,Jaipur,Rajasthan,390794,701,8,2,0.25,4657,22.53566318491079,9,Electronics,0
C258,Kolkata,West Bengal,898462,893,20,4,0.2,13368,17.236468147890946,37,Footwear,0
C259,Jaipur,Rajasthan,179184,678,33,3,0.09,3550,15.071269332545524,48,Footwear,0
C260,Kolkata,West Bengal,611751,365,34,6,0.18,19569,5.061827128549618,50,Apparel,0
C261,Lucknow,Uttar Pradesh,796405,744,45,5,0.11,12238,26.25265599476745,51,Home Appliances,0
C262,Jaipur,Rajasthan,618746,304,18,2,0.11,11079,25.7085904262202,22,Electronics,0
C263,Lucknow,Uttar Pradesh,815707,810,26,4,0.15,2086,6.148573141465844,41,Home Appliances,0
C264,Delhi,Delhi,578693,30,33,0,0.0,14518,10.057955159934993,45,Electronics,0
C265,Chennai,Tamil Nadu,387330,125,15,2,0.13,12310,11.259731963727722,24,Electronics,0
C266,Chennai,Tamil Nadu,891918,269,49,7,0.14,14565,21.387130709588373,46,Apparel,0
C267,Lucknow,Uttar Pradesh,239145,637,9,0,0.0,7911,17.986106365915894,29,Apparel,0
C268,Kolkata,West Bengal,542828,740,12,0,0.0,4831,16.94250603594413,15,Home Appliances,0
C269,Mumbai,Maharashtra,428572,406,11,2,0.18,10305,8.428232368588642,50,Electronics,0
C270,Delhi,Delhi,656278,606,9,0,0.0,777,20.25798098184545,11,Home Appliances,0
C271,Hyderabad,Telangana,884616,185,45,3,0.07,13990,20.401900315017656,29,Electronics,0
C272,Mumbai,Maharashtra,888996,156,13,1,0.08,19819,23.250228722399456,23,Home Appliances,0
C273,Kolkata,West Bengal,359822,313,13,0,0.0,3260,11.204175679645804,39,Footwear,0
C274,Bangalore,Karnataka,416302,240,47,8,0.17,17465,20.173171741798996,13,Home Appliances,0
C275,Bangalore,Karnataka,618927,425,20,2,0.1,4194,11.027043890130246,41,Apparel,0
C276,Bangalore,Karnataka,431845,165,28,0,0.0,13175,26.520350098418685,37,Home Appliances,0
C277,Delhi,Delhi,907788,104,35,1,0.03,1046,19.684087423148114,1,Footwear,0
C278,Hyderabad,Telangana,163406,838,7,0,0.0,13540,17.665265106873175,41,Home Appliances,0
C279,Jaipur,Rajasthan,771652,579,10,0,0.0,18117,20.4011763916687,18,Apparel,0
C280,Hyderabad,Telangana,662445,364,14,3,0.21,13303,19.660929075310797,49,Apparel,0
C281,Jaipur,Rajasthan,160718,280,20,2,0.1,3325,28.11569385872848,8,Home Appliances,0
C282,Bangalore,Karnataka,798435,789,24,5,0.21,6255,7.986075172697186,46,Electronics,0
C283,Delhi,Delhi,463546,565,36,3,0.08,17448,24.574677538593647,47,Footwear,0
C284,Delhi,Delhi,868538,150,22,0,0.0,1461,13.375275657904863,28,Footwear,0
C285,Chennai,Tamil Nadu,704663,672,50,0,0.0,3025,17.40368922337848,33,Footwear,0
C286,Delhi,Delhi,264951,291,28,2,0.07,3871,27.356710503606553,44,Apparel,0
C287,Bangalore,Karnataka,112884,280,7,0,0.0,2006,16.794114739443454,25,Electronics,0
C288,Bangalore,Karnataka,942127,761,40,1,0.03,14241,10.61288284543939,16,Home Appliances,0
C289,Kolkata,West Bengal,966120,109,22,12,0.55,19228,14.320204168446534,33,Apparel,1
C290,Bangalore,Karnataka,172274,506,30,6,0.2,9750,24.338186987647134,20,Footwear,0
C291,Lucknow,Uttar Pradesh,486839,235,5,0,0.0,10054,19.095168520604673,20,Electronics,0
C292,Lucknow,Uttar Pradesh,720432,535,28,0,0.0,6903,23.311583418481664,35,Electronics,0
C293,Jaipur,Rajasthan,344315,584,6,0,0.0,11851,20.898545987824722,45,Apparel,0
C294,Bangalore,Karnataka,494552,899,47,9,0.19,10576,7.598725483788991,34,Electronics,0
C295,Bangalore,Karnataka,846221,316,14,1,0.07,3548,6.097506642578988,15,Home Appliances,0
C296,Kolkata,West Bengal,884229,116,34,16,0.47,19530,7.389425133434639,9,Home Appliances,1
C297,Mumbai,Maharashtra,695403,93,42,0,0.0,14753,21.561098203848726,9,Electronics,0
C298,Chennai,Tamil Nadu,992247,352,21,0,0.0,13376,22.518140158038552,48,Footwear,0
C299,Chennai,Tamil Nadu,178315,237,19,0,0.0,4960,24.49842456172157,38,Apparel,0
C300,Delhi,Delhi,588694,351,33,0,0.0,13820,8.01841842679764,23,Electronics,0
C301,Lucknow,Uttar Pradesh,585854,301,24,0,0.0,4429,7.2605222012131225,52,Footwear,0
C302,Bangalore,Karnataka,976530,365,18,3,0.17,5360,7.280322594783716,16,Footwear,0
C303,Bangalore,Karnataka,413357,296,48,6,0.12,6197,5.777052333968989,26,Home Appliances,0
C304,Hyderabad,Telangana,584487,134,11,1,0.09,5080,8.03633138760122,4,Electronics,0
C305,Jaipur,Rajasthan,819622,675,28,0,0.0,3253,19.558095035351577,17,Apparel,0
C306,Mumbai,Maharashtra,777366,484,17,4,0.24,4720,7.299465966425457,55,Footwear,0
C307,Lucknow,Uttar Pradesh,276149,617,8,0,0.0,14693,25.542135038307094,26,Home Appliances,0
C308,Jaipur,Rajasthan,471136,249,16,2,0.12,6632,11.874544225606051,29,Electronics,0
C309,Hyderabad,Telangana,409440,540,46,0,0.0,14000,27.069464353972794,31,Apparel,0
C310,Mumbai,Maharashtra,501620,170,22,1,0.05,14237,9.986445166664666,57,Electronics,0
C311,Bangalore,Karnataka,919898,760,29,0,0.0,12267,16.992110972202905,51,Home Appliances,0
C312,Kolkata,West Bengal,383572,214,29,2,0.07,1354,12.97193918323449,15,Apparel,0
C313,Chennai,Tamil Nadu,947935,513,8,0,0.0,17848,13.935822316788538,38,Electronics,0
C314,Mumbai,Maharashtra,788772,276,20,3,0.15,9233,18.342239114695257,51,Apparel,0
C315,Hyderabad,Telangana,987624,846,41,0,0.0,13227,13.870115864128996,54,Electronics,0
C316,Kolkata,West Bengal,476211,635,49,10,0.2,1424,22.586322072997838,23,Electronics,0
C317,Hyderabad,Telangana,668458,346,36,7,0.19,6252,17.26091050318698,6,Apparel,0
C318,Hyderabad,Telangana,652021,519,6,2,0.33,522,13.293349839355086,40,Electronics,1
C319,Delhi,Delhi,851763,211,26,1,0.04,11103,6.488899071125852,10,Electronics,0
C320,Kolkata,West Bengal,491738,751,9,1,0.11,13462,19.650416579289768,22,Footwear,0
C321,Delhi,Delhi,930307,684,32,4,0.12,16464,21.229506641120352,12,Footwear,0
C322,Delhi,Delhi,421727,781,29,12,0.41,10150,8.183709118088387,47,Apparel,1
C323,Jaipur,Rajasthan,133955,216,41,14,0.34,10927,28.025955410451985,40,Electronics,1
C324,Mumbai,Maharashtra,247475,369,36,0,0.0,3049,10.949898128734922,21,Electronics,0
C325,Mumbai,Maharashtra,802571,684,50,10,0.2,11501,16.165748352444844,17,Electronics,0
C326,Mumbai,Maharashtra,369125,835,27,2,0.07,4040,23.01033969992421,4,Home Appliances,0
C327,Jaipur,Rajasthan,534130,534,15,2,0.13,12909,13.780779232461743,25,Apparel,0
C328,Hyderabad,Telangana,573209,105,15,0,0.0,1594,12.372715327903254,21,Footwear,0
C329,Mumbai,Maharashtra,278368,414,26,12,0.46,5772,23.299627131782923,36,Apparel,1
C330,Lucknow,Uttar Pradesh,132498,471,50,2,0.04,5906,20.18294064137214,28,Electronics,0
C331,Bangalore,Karnataka,447177,240,11,0,0.0,6725,15.231996643766145,36,Footwear,0
C332,Chennai,Tamil Nadu,349087,128,24,1,0.04,2126,14.82255536537055,36,Home Appliances,0
C333,Kolkata,West Bengal,548377,119,5,0,0.0,10151,25.597432677079034,41,Home Appliances,0
C334,Bangalore,Karnataka,279130,683,18,0,0.0,10062,29.426442399981635,31,Apparel,0
C335,Jaipur,Rajasthan,612855,706,35,8,0.23,9183,7.27842193876698,35,Home Appliances,0
C336,Jaipur,Rajasthan,295646,486,28,13,0.46,1962,11.582399167072106,30,Footwear,1
C337,Chennai,Tamil Nadu,164633,184,41,6,0.15,3668,7.142682795997928,23,Home Appliances,0
C338,Hyderabad,Telangana,163946,890,40,0,0.0,13184,25.46013037163434,27,Home Appliances,0
C339,Hyderabad,Telangana,413369,110,35,0,0.0,13436,27.569430033478852,46,Apparel,0
C340,Delhi,Delhi,893969,489,12,2,0.17,6164,28.726537075707313,11,Electronics,0
C341,Delhi,Delhi,543940,110,7,2,0.29,14766,10.047981999305861,53,Electronics,0
C342,Chennai,Tamil Nadu,862422,856,25,5,0.2,2695,7.175686021912684,36,Home Appliances,0
C343,Chennai,Tamil Nadu,580412,42,38,1,0.03,19753,18.064050261245228,27,Apparel,0
C344,Delhi,Delhi,716493,626,41,1,0.02,3783,28.123204168981836,37,Apparel,0
C345,Kolkata,West Bengal,376967,422,31,8,0.26,16411,19.300580994964044,31,Apparel,0
C346,Jaipur,Rajasthan,748276,653,14,3,0.21,13663,5.969563312044877,57,Footwear,0
C347,Bangalore,Karnataka,381631,411,35,2,0.06,1162,13.446652035673319,51,Footwear,0
C348,Chennai,Tamil Nadu,983788,533,22,1,0.05,3718,29.312416067142042,15,Electronics,0
C349,Lucknow,Uttar Pradesh,382507,776,25,5,0.2,14156,20.124478311381267,6,Electronics,0
C350,Jaipur,Rajasthan,896386,558,36,3,0.08,12752,25.525434809961506,33,Electronics,0
C351,Jaipur,Rajasthan,918430,566,13,5,0.38,19134,5.723703983004642,13,Electronics,1
C352,Hyderabad,Telangana,578621,81,7,1,0.14,12308,22.615848630500913,18,Footwear,0
C353,Jaipur,Rajasthan,229890,727,45,8,0.18,1501,11.048452364740289,32,Home Appliances,0
C354,Lucknow,Uttar Pradesh,678115,388,42,5,0.12,11780,9.08784036294627,58,Footwear,0
C355,Mumbai,Maharashtra,128783,425,23,0,0.0,2126,9.072685139965511,37,Electronics,0
C356,Hyderabad,Telangana,336047,723,46,8,0.17,7274,11.727089481723928,27,Apparel,0
C357,Bangalore,Karnataka,238741,692,35,8,0.23,6175,20.028548762363343,1,Electronics,0
C358,Chennai,Tamil Nadu,843826,688,50,12,0.24,9523,15.595170016490476,25,Footwear,0
C359,Lucknow,Uttar Pradesh,328808,507,21,1,0.05,10400,21.929903909682835,53,Home Appliances,0
C360,Bangalore,Karnataka,794530,893,37,12,0.32,12762,19.03642793136502,39,Footwear,1
C361,Mumbai,Maharashtra,166938,374,35,9,0.26,9559,21.014868640366394,56,Footwear,0
C362,Chennai,Tamil Nadu,257212,559,17,2,0.12,8374,27.49217611863737,52,Home Appliances,0
C363,Delhi,Delhi,787237,539,6,2,0.33,10186,11.485656817799724,27,Home Appliances,1
C364,Jaipur,Rajasthan,711344,755,7,0,0.0,19244,25.4003675263217,22,Electronics,0
C365,Lucknow,Uttar Pradesh,475911,549,47,5,0.11,10336,26.13548110611488,54,Electronics,0
C366,Lucknow,Uttar Pradesh,876909,294,13,3,0.23,18818,24.072955457982562,12,Footwear,0
C367,Hyderabad,Telangana,334176,792,27,10,0.37,10562,15.511814204620276,57,Footwear,1
C368,Chennai,Tamil Nadu,992562,150,34,3,0.09,15918,6.341923860161259,41,Apparel,0
C369,Hyderabad,Telangana,225636,727,37,14,0.38,13006,18.24596261574994,27,Apparel,1
C370,Delhi,Delhi,310026,380,13,0,0.0,13908,29.679789984487662,58,Home Appliances,0
C371,Delhi,Delhi,611265,370,10,0,0.0,6294,12.835351793933468,4,Apparel,0
C372,Hyderabad,Telangana,704272,812,15,6,0.4,5691,17.23942726575041,49,Apparel,1
C373,Jaipur,Rajasthan,550268,443,45,1,0.02,14558,29.133196003250827,25,Apparel,0
C374,Hyderabad,Telangana,114760,359,28,5,0.18,17900,9.764417748510112,44,Apparel,0
C375,Hyderabad,Telangana,827213,382,19,0,0.0,10726,8.22327001070757,25,Footwear,0
C376,Bangalore,Karnataka,404955,496,24,3,0.12,17548,19.909247965387557,22,Home Appliances,0
C377,Delhi,Delhi,613989,397,26,10,0.38,6674,9.12208772228739,59,Home Appliances,1
C378,Bangalore,Karnataka,335217,774,19,0,0.0,4799,10.279755729078616,2,Electronics,0
C379,Mumbai,Maharashtra,845652,696,28,0,0.0,1724,14.379810816895986,41,Footwear,0
C380,Bangalore,Karnataka,150290,707,43,12,0.28,4042,21.339190460018816,2,Apparel,0
C381,Jaipur,Rajasthan,498724,156,33,8,0.24,18433,11.318457326739344,45,Electronics,0
C382,Hyderabad,Telangana,819050,675,49,3,0.06,804,12.527911368919806,43,Apparel,0
C383,Chennai,Tamil Nadu,735053,747,44,3,0.07,4994,15.470643794285639,58,Apparel,0
C384,Mumbai,Maharashtra,219550,833,23,2,0.09,3982,17.44347657983129,39,Electronics,0
C385,Hyderabad,Telangana,837606,449,27,8,0.3,10178,9.009339965769222,36,Home Appliances,0
C386,Hyderabad,Telangana,604012,368,49,0,0.0,8184,5.068449976434818,43,Apparel,0
C387,Lucknow,Uttar Pradesh,194458,828,14,1,0.07,17267,6.876205340691584,47,Apparel,0
C388,Chennai,Tamil Nadu,342389,497,46,0,0.0,10200,11.60312556927602,4,Apparel,0
C389,Delhi,Delhi,993647,327,7,0,0.0,12303,25.039902567261183,21,Home Appliances,0
C390,Mumbai,Maharashtra,110142,171,7,1,0.14,6087,13.21652065171439,58,Home Appliances,0
C391,Chennai,Tamil Nadu,490722,864,10,0,0.0,11730,9.571735507591068,26,Home Appliances,0
C392,Chennai,Tamil Nadu,823415,519,29,6,0.21,14319,21.221162096806594,52,Electronics,0
C393,Bangalore,Karnataka,208751,456,15,0,0.0,19857,17.066871263508645,37,Home Appliances,0
C394,Delhi,Delhi,498197,827,44,0,0.0,12250,20.283960481885117,56,Electronics,0
C395,Lucknow,Uttar Pradesh,218423,451,36,0,0.0,14940,6.14930813449175,17,Footwear,0
C396,Hyderabad,Telangana,454733,561,47,3,0.06,17641,22.206041086573187,40,Apparel,0
C397,Jaipur,Rajasthan,861949,284,47,0,0.0,16291,13.643737186437592,44,Home Appliances,0
C398,Bangalore,Karnataka,774652,190,5,0,0.0,17066,26.221139369400017,55,Home Appliances,0
C399,Mumbai,Maharashtra,436208,276,36,3,0.08,11342,29.253626219585005,4,Electronics,0
C400,Jaipur,Rajasthan,956794,270,30,9,0.3,3083,16.47736486870588,52,Home Appliances,0
C401,Lucknow,Uttar Pradesh,431414,151,33,10,0.3,16797,23.630974116432107,2,Apparel,1
C402,Bangalore,Karnataka,675771,30,40,3,0.07,3478,24.7945821293077,40,Footwear,0
C403,Hyderabad,Telangana,804091,497,46,4,0.09,11669,14.083561939245275,4,Electronics,0
C404,Kolkata,West Bengal,904694,664,40,4,0.1,16003,22.9164517032294,24,Home Appliances,0
C405,Hyderabad,Telangana,457938,393,5,0,0.0,10067,18.692264542353357,24,Apparel,0
C406,Bangalore,Karnataka,616342,173,15,0,0.0,13909,7.674037637987975,40,Electronics,0
C407,Jaipur,Rajasthan,579247,874,18,1,0.06,6744,22.919697861733574,7,Home Appliances,0
C408,Mumbai,Maharashtra,579605,704,33,5,0.15,19810,28.904758040643774,9,Home Appliances,0
C409,Bangalore,Karnataka,553834,888,40,7,0.17,19673,17.07329908839816,33,Electronics,0
C410,Delhi,Delhi,208584,426,13,1,0.08,11046,17.60275298382911,25,Home Appliances,0
C411,Hyderabad,Telangana,517196,381,22,0,0.0,10139,16.32114265203417,9,Electronics,0
C412,Jaipur,Rajasthan,834018,796,43,2,0.05,17286,12.472828373885607,45,Footwear,0
C413,Hyderabad,Telangana,319899,669,17,3,0.18,10021,22.16528243297591,59,Electronics,0
C414,Delhi,Delhi,668843,740,37,7,0.19,11063,22.758818178513135,49,Footwear,0
C415,Jaipur,Rajasthan,884197,891,48,4,0.08,17994,12.14819950563409,55,Home Appliances,0
C416,Mumbai,Maharashtra,499371,178,6,0,0.0,2238,21.756354469173544,13,Footwear,0
C417,Delhi,Delhi,816586,286,23,2,0.09,5298,25.98454536162928,45,Footwear,0
C418,Hyderabad,Telangana,133875,397,39,0,0.0,15330,7.562000158449415,56,Electronics,0
C419,Jaipur,Rajasthan,635740,833,20,2,0.1,9925,22.323401880356215,4,Home Appliances,0
C420,Kolkata,West Bengal,156415,43,40,2,0.05,8735,10.077180568233448,56,Home Appliances,0
C421,Kolkata,West Bengal,673167,786,42,23,0.55,6937,24.403668628058306,13,Footwear,1
C422,Mumbai,Maharashtra,282237,782,16,1,0.06,17337,7.983845281824138,3,Home Appliances,0
C423,Chennai,Tamil Nadu,268746,628,13,0,0.0,8856,5.141128400445504,30,Electronics,0
C424,Kolkata,West Bengal,153325,822,43,8,0.19,10368,17.263773528841917,37,Footwear,0
C425,Kolkata,West Bengal,330646,218,38,5,0.13,17559,6.704411727610647,33,Electronics,0
C426,Jaipur,Rajasthan,466375,256,10,0,0.0,7491,21.583361911006925,22,Footwear,0
C427,Lucknow,Uttar Pradesh,963699,800,40,3,0.07,788,7.868048785056631,23,Home Appliances,0
C428,Hyderabad,Telangana,815706,358,7,0,0.0,12996,27.898310757466884,8,Home Appliances,0
C429,Chennai,Tamil Nadu,641975,871,6,0,0.0,12786,17.857726552117008,33,Home Appliances,0
C430,Chennai,Tamil Nadu,301863,358,46,6,0.13,17339,7.058636201212521,7,Electronics,0
C431,Bangalore,Karnataka,168652,245,45,0,0.0,7485,26.62377139281578,28,Apparel,0
C432,Jaipur,Rajasthan,956429,103,46,0,0.0,5538,5.593823652570177,46,Footwear,0
C433,Mumbai,Maharashtra,286638,843,8,1,0.12,8754,18.95210513294527,37,Electronics,0
C434,Jaipur,Rajasthan,573039,675,29,6,0.21,13752,15.825625865981772,2,Home Appliances,0
C435,Bangalore,Karnataka,855274,663,46,6,0.13,2572,23.899014917379436,38,Apparel,0
C436,Mumbai,Maharashtra,627262,138,27,0,0.0,9997,24.67229744156425,20,Apparel,0
C437,Lucknow,Uttar Pradesh,514306,871,29,0,0.0,1509,16.849691934198788,35,Electronics,0
C438,Delhi,Delhi,935474,846,30,2,0.07,18382,12.374461732829783,41,Electronics,0
C439,Kolkata,West Bengal,680412,598,5,2,0.4,5132,8.080878973337475,1,Home Appliances,1
C440,Mumbai,Maharashtra,320256,796,24,0,0.0,11767,10.293423573049623,58,Electronics,0
C441,Hyderabad,Telangana,975297,288,44,1,0.02,6867,7.865563553079586,43,Apparel,0
C442,Lucknow,Uttar Pradesh,676365,104,46,5,0.11,10024,21.792131227881228,17,Apparel,0
C443,Lucknow,Uttar Pradesh,474486,161,26,1,0.04,8185,7.501126431885572,40,Apparel,0
C444,Kolkata,West Bengal,572536,366,36,3,0.08,10516,22.336453233690918,10,Footwear,0
C445,Jaipur,Rajasthan,105066,350,15,2,0.13,8566,24.641502801613083,46,Home Appliances,0
C446,Kolkata,West Bengal,812591,780,13,2,0.15,11364,26.94714573769904,30,Home Appliances,0
C447,Chennai,Tamil Nadu,678469,141,36,15,0.42,6259,21.13879010204741,6,Footwear,1
C448,Delhi,Delhi,305973,299,39,15,0.38,3005,23.18563418004661,58,Apparel,1
C449,Bangalore,Karnataka,707021,444,42,2,0.05,19834,10.31901715440742,3,Footwear,0
C450,Lucknow,Uttar Pradesh,912853,182,46,2,0.04,12487,14.812458646168306,58,Footwear,0
C451,Mumbai,Maharashtra,481540,544,30,0,0.0,847,21.566962234467418,55,Electronics,0
C452,Delhi,Delhi,266956,213,33,4,0.12,19058,28.71779579032446,43,Electronics,0
C453,Lucknow,Uttar Pradesh,142383,254,27,12,0.44,16479,10.793747690107889,17,Footwear,1
C454,Hyderabad,Telangana,929906,399,38,4,0.11,13217,16.741855725255224,30,Apparel,0
C455,Kolkata,West Bengal,837920,563,11,0,0.0,9461,25.871806655434835,17,Electronics,0
C456,Jaipur,Rajasthan,716225,699,28,2,0.07,3050,17.91657243884847,25,Electronics,0
C457,Kolkata,West Bengal,610511,841,27,4,0.15,16297,27.179298587927775,1,Electronics,0
C458,Hyderabad,Telangana,639535,688,9,1,0.11,9701,10.287927603393868,12,Electronics,0
C459,Mumbai,Maharashtra,341535,454,47,9,0.19,11320,23.006391471873727,31,Home Appliances,0
C460,Delhi,Delhi,973846,450,46,24,0.52,1235,11.091757685531737,9,Electronics,1
C461,Bangalore,Karnataka,253999,87,41,3,0.07,5950,11.456491150417712,12,Home Appliances,0
C462,Bangalore,Karnataka,961198,320,47,4,0.09,3309,10.414835447297126,39,Home Appliances,0
C463,Delhi,Delhi,970699,450,19,0,0.0,5176,24.865401756511282,53,Electronics,0
C464,Chennai,Tamil Nadu,859364,732,15,0,0.0,11728,28.05879862112368,39,Apparel,0
C465,Jaipur,Rajasthan,213844,46,13,0,0.0,7130,18.06778357542896,59,Home Appliances,0
C466,Mumbai,Maharashtra,598985,659,16,2,0.12,1779,26.9438159435742,35,Apparel,0
C467,Mumbai,Maharashtra,791423,163,35,1,0.03,18171,25.688044466301836,58,Home Appliances,0
C468,Kolkata,West Bengal,831531,572,7,0,0.0,14556,10.737156409476254,52,Home Appliances,0
C469,Jaipur,Rajasthan,717661,853,27,3,0.11,19378,7.442922708669565,9,Footwear,0
C470,Hyderabad,Telangana,397026,642,10,1,0.1,18316,15.21616761718038,13,Apparel,0
C471,Bangalore,Karnataka,647923,150,41,13,0.32,17531,5.179851311264537,42,Electronics,1
C472,Kolkata,West Bengal,479867,139,31,0,0.0,5571,15.651789726982997,38,Footwear,0
C473,Jaipur,Rajasthan,483405,656,41,5,0.12,9529,29.794966854267884,26,Electronics,0
C474,Lucknow,Uttar Pradesh,488196,602,16,3,0.19,18683,17.09400394070477,20,Footwear,0
C475,Jaipur,Rajasthan,996531,705,13,0,0.0,4402,23.695354876997193,29,Electronics,0
C476,Jaipur,Rajasthan,939756,593,26,7,0.27,2205,9.01845022833043,41,Apparel,0
C477,Delhi,Delhi,729402,475,35,6,0.17,3388,6.602011409232764,15,Footwear,0
C478,Bangalore,Karnataka,520106,658,29,8,0.28,17572,12.161730846689235,39,Apparel,0
C479,Delhi,Delhi,618382,479,45,8,0.18,850,10.042681070150365,43,Footwear,0
C480,Hyderabad,Telangana,277715,720,44,5,0.11,1681,13.993499956886586,42,Apparel,0
C481,Mumbai,Maharashtra,917546,439,22,0,0.0,12071,21.74155115990771,26,Electronics,0
C482,Bangalore,Karnataka,171950,122,50,0,0.0,18509,12.112344675909485,54,Footwear,0
C483,Chennai,Tamil Nadu,735818,229,19,5,0.26,15401,28.242846020303006,37,Apparel,0
C484,Jaipur,Rajasthan,211636,602,37,3,0.08,2871,17.57922915634733,22,Apparel,0
C485,Chennai,Tamil Nadu,952646,842,39,14,0.36,19338,11.253537292441699,29,Home Appliances,1
C486,Lucknow,Uttar Pradesh,894268,377,20,0,0.0,15535,22.039866831287824,58,Apparel,0
C487,Chennai,Tamil Nadu,501261,678,9,1,0.11,7721,21.922824401627498,15,Footwear,0
C488,Kolkata,West Bengal,661671,39,38,10,0.26,9129,11.20644023405194,6,Home Appliances,0
C489,Kolkata,West Bengal,681489,212,9,4,0.44,16115,12.846819488990665,14,Footwear,1
C490,Hyderabad,Telangana,872918,234,36,3,0.08,8195,23.385726631070767,56,Footwear,0
C491,Hyderabad,Telangana,976960,663,20,1,0.05,12166,8.899889211903973,7,Apparel,0
C492,Lucknow,Uttar Pradesh,106945,812,44,2,0.05,18243,28.949827261690633,55,Home Appliances,0
C493,Kolkata,West Bengal,702427,311,36,0,0.0,16582,9.571796578242381,49,Footwear,0
C494,Delhi,Delhi,651273,848,8,3,0.38,14366,16.958001915301086,35,Apparel,1
C495,Kolkata,West Bengal,819678,824,30,3,0.1,6227,16.429900857900677,8,Home Appliances,0
C496,Bangalore,Karnataka,806848,245,5,0,0.0,12933,19.52520547448617,21,Footwear,0
C497,Chennai,Tamil Nadu,675210,299,16,0,0.0,8270,11.735205738124503,40,Footwear,0
C498,Lucknow,Uttar Pradesh,320759,459,32,3,0.09,12699,14.126949655697883,26,Footwear,0
C499,Lucknow,Uttar Pradesh,699166,164,16,0,0.0,19370,22.150297803537313,53,Apparel,0
C500,Hyderabad,Telangana,553214,420,40,10,0.25,6924,8.646093383438409,48,Electronics,0
C501,Bangalore,Karnataka,541996,541,16,7,0.44,4906,29.88904425749004,55,Footwear,1
C502,Chennai,Tamil Nadu,689444,611,21,7,0.33,2063,14.960047546583189,45,Electronics,1
C503,Chennai,Tamil Nadu,979725,674,35,7,0.2,3655,16.246370476594794,22,Footwear,0
C504,Kolkata,West Bengal,687569,600,28,1,0.04,8944,13.603506911515318,27,Apparel,0
C505,Hyderabad,Telangana,703869,695,41,2,0.05,18143,9.36347089323646,50,Footwear,0
C506,Kolkata,West Bengal,805893,552,25,0,0.0,16474,24.36860917816426,29,Apparel,0
C507,Chennai,Tamil Nadu,762398,178,34,3,0.09,5991,21.014516317791703,60,Footwear,0
C508,Jaipur,Rajasthan,742053,615,45,3,0.07,13763,26.222519298470218,5,Apparel,0
C509,Hyderabad,Telangana,432270,698,25,1,0.04,10047,22.760837127915096,39,Home Appliances,0
C510,Lucknow,Uttar Pradesh,884225,631,28,2,0.07,17570,29.138150820562366,27,Electronics,0
C511,Bangalore,Karnataka,863124,270,13,5,0.38,8745,28.51093343344989,45,Apparel,1
C512,Jaipur,Rajasthan,200195,95,11,0,0.0,16005,18.710843595457344,2,Home Appliances,0
C513,Mumbai,Maharashtra,375201,662,11,0,0.0,5588,7.107781666299823,60,Home Appliances,0
C514,Hyderabad,Telangana,564687,671,23,6,0.26,4642,8.281927765671597,54,Electronics,0
C515,Kolkata,West Bengal,599284,508,25,3,0.12,18213,28.371439291614,36,Home Appliances,0
C516,Delhi,Delhi,726612,497,42,7,0.17,18980,15.874434285510294,41,Footwear,0
C517,Lucknow,Uttar Pradesh,338161,854,39,6,0.15,3434,16.046507639413363,24,Home Appliances,0
C518,Chennai,Tamil Nadu,418319,40,14,1,0.07,503,18.082906010631433,49,Electronics,0
C519,Lucknow,Uttar Pradesh,108721,734,39,3,0.08,16619,28.67393779670311,31,Footwear,0
C520,Bangalore,Karnataka,936726,329,32,3,0.09,8076,24.919184596690904,36,Footwear,0
C521,Jaipur,Rajasthan,362035,197,30,4,0.13,13270,25.710671391032275,15,Footwear,0
C522,Hyderabad,Telangana,901676,849,38,8,0.21,9408,12.116921366836323,48,Footwear,0
C523,Mumbai,Maharashtra,243260,326,16,7,0.44,4116,20.92231773870867,40,Home Appliances,1
C524,Lucknow,Uttar Pradesh,436219,49,17,0,0.0,5485,6.2408018055774654,35,Apparel,0
C525,Mumbai,Maharashtra,382271,158,23,2,0.09,14866,23.177676761188373,15,Apparel,0
C526,Delhi,Delhi,617555,252,5,0,0.0,11703,15.506075678686924,51,Home Appliances,0
C527,Lucknow,Uttar Pradesh,929868,62,49,24,0.49,11321,7.005577430789598,49,Electronics,1
C528,Jaipur,Rajasthan,669578,511,9,0,0.0,6450,9.80480732316132,54,Footwear,0
C529,Jaipur,Rajasthan,227885,816,5,1,0.2,8657,14.619947480266042,29,Electronics,0
C530,Bangalore,Karnataka,583220,782,17,7,0.41,3578,18.0284780014321,14,Home Appliances,1
C531,Chennai,Tamil Nadu,266316,674,25,6,0.24,1882,23.618114467229866,36,Apparel,0
C532,Chennai,Tamil Nadu,477934,83,17,6,0.35,7636,29.3318515108765,16,Home Appliances,1
C533,Delhi,Delhi,713099,152,22,2,0.09,13469,24.728594504872213,1,Apparel,0
C534,Lucknow,Uttar Pradesh,725173,188,49,11,0.22,12669,24.269925000049152,16,Electronics,0
C535,Lucknow,Uttar Pradesh,819265,663,10,0,0.0,11589,28.271219612965677,49,Apparel,0
C536,Delhi,Delhi,662407,840,49,12,0.24,4019,8.14568644163066,15,Footwear,0
C537,Kolkata,West Bengal,868804,227,33,8,0.24,1199,22.231249507101055,23,Electronics,0
C538,Bangalore,Karnataka,840951,478,36,0,0.0,18818,12.367864911022423,45,Home Appliances,0
C539,Delhi,Delhi,464552,361,39,11,0.28,15848,11.88311157145758,54,Electronics,0
C540,Delhi,Delhi,410035,869,33,8,0.24,9129,18.540148803426455,30,Apparel,0
C541,Jaipur,Rajasthan,119629,664,16,0,0.0,12430,24.40041419494847,16,Footwear,0
C542,Mumbai,Maharashtra,665136,868,47,1,0.02,13197,9.746736311180472,44,Home Appliances,0
C543,Delhi,Delhi,396882,360,44,0,0.0,13928,21.022598244626828,8,Apparel,0
C544,Mumbai,Maharashtra,975763,162,7,1,0.14,6353,26.837319439514307,13,Apparel,0
C545,Lucknow,Uttar Pradesh,203550,62,17,1,0.06,19210,21.043791703190564,25,Home Appliances,0
C546,Chennai,Tamil Nadu,484150,256,8,0,0.0,2822,5.3271527458375365,59,Electronics,0
C547,Lucknow,Uttar Pradesh,590795,850,10,0,0.0,2489,14.023151278126962,48,Home Appliances,0
C548,Kolkata,West Bengal,161132,873,50,1,0.02,9210,18.22552078229434,47,Apparel,0
C549,Mumbai,Maharashtra,644719,129,18,6,0.33,3816,23.129298320229722,35,Home Appliances,1
C550,Hyderabad,Telangana,755700,213,41,9,0.22,18798,23.729858949434313,27,Apparel,0
C551,Kolkata,West Bengal,581003,749,48,7,0.15,14494,27.07060048433065,11,Electronics,0
C552,Kolkata,West Bengal,265860,576,47,1,0.02,15016,28.337999238134188,58,Footwear,0
C553,Kolkata,West Bengal,532373,812,28,1,0.04,14609,25.65387437601903,21,Electronics,0
C554,Hyderabad,Telangana,902903,593,29,7,0.24,8825,14.000213623354542,29,Home Appliances,0
C555,Bangalore,Karnataka,398301,640,7,1,0.14,1034,17.94023397100823,57,Footwear,0
C556,Bangalore,Karnataka,332665,249,24,2,0.08,10818,5.542534286439988,53,Footwear,0
C557,Delhi,Delhi,139569,501,11,0,0.0,12154,8.902677658648823,17,Footwear,0
C558,Hyderabad,Telangana,368691,860,19,2,0.11,10340,7.297628032134316,26,Electronics,0
C559,Mumbai,Maharashtra,931420,524,25,1,0.04,6165,17.206909959335853,58,Apparel,0
C560,Chennai,Tamil Nadu,866288,857,7,1,0.14,19383,14.538652762487043,50,Apparel,0
C561,Kolkata,West Bengal,956835,474,27,3,0.11,14148,28.256152098594438,8,Electronics,0
C562,Bangalore,Karnataka,915182,677,45,20,0.44,13033,6.353198719170576,34,Apparel,1
C563,Kolkata,West Bengal,692354,183,39,0,0.0,11209,17.560040261180816,15,Electronics,0
C564,Jaipur,Rajasthan,889410,639,33,5,0.15,19349,17.618233652800868,15,Home Appliances,0
C565,Jaipur,Rajasthan,238610,374,14,0,0.0,3204,16.89636635993432,48,Apparel,0
C566,Chennai,Tamil Nadu,517885,543,10,1,0.1,14737,24.345628413906415,9,Electronics,0
C567,Hyderabad,Telangana,514521,697,36,2,0.06,19221,9.90248250983052,40,Electronics,0
C568,Chennai,Tamil Nadu,439121,731,32,0,0.0,19374,7.239866203168381,43,Home Appliances,0
C569,Kolkata,West Bengal,436318,382,17,3,0.18,19960,21.38524644527711,50,Footwear,0
C570,Kolkata,West Bengal,961493,852,44,1,0.02,14990,20.579553906958267,29,Apparel,0
C571,Hyderabad,Telangana,818651,412,17,0,0.0,5611,23.943344564826553,55,Apparel,0
C572,Bangalore,Karnataka,751168,181,20,3,0.15,9926,5.3433323173357845,45,Apparel,0
C573,Lucknow,Uttar Pradesh,447997,244,6,2,0.33,18129,10.296882838718844,35,Footwear,1
C574,Delhi,Delhi,832697,714,49,8,0.16,1102,14.415166747384692,58,Apparel,0
C575,Chennai,Tamil Nadu,163029,320,15,0,0.0,7076,24.729712362685554,40,Footwear,0
C576,Bangalore,Karnataka,786563,38,34,1,0.03,2682,14.716128680924479,18,Footwear,0
C577,Bangalore,Karnataka,780956,425,23,4,0.17,8074,29.49482127664633,33,Apparel,0
C578,Kolkata,West Bengal,726111,574,36,0,0.0,3384,9.660434685437975,33,Home Appliances,0
C579,Bangalore,Karnataka,359409,572,7,0,0.0,10491,13.339240865769392,26,Electronics,0
C580,Kolkata,West Bengal,755602,339,27,1,0.04,8239,29.89986028117021,33,Footwear,0
C581,Chennai,Tamil Nadu,954441,60,29,7,0.24,18684,28.7279104590777,15,Electronics,0
C582,Kolkata,West Bengal,788842,170,30,0,0.0,3376,23.24724159803374,34,Electronics,0
C583,Delhi,Delhi,427557,649,32,4,0.12,11290,16.229229633181124,9,Electronics,0
C584,Hyderabad,Telangana,424008,735,13,4,0.31,17664,27.73906788514042,28,Electronics,1
C585,Delhi,Delhi,171108,600,25,3,0.12,17964,28.715039104119036,8,Electronics,0
C586,Delhi,Delhi,902616,356,6,2,0.33,14067,29.02990468055974,20,Home Appliances,1
C587,Chennai,Tamil Nadu,916953,222,14,3,0.21,3998,8.288647008081245,2,Footwear,0
C588,Hyderabad,Telangana,343461,266,43,6,0.14,1354,13.981533363363784,45,Home Appliances,0
C589,Lucknow,Uttar Pradesh,781121,412,50,5,0.1,6528,26.303235811639627,32,Home Appliances,0
C590,Hyderabad,Telangana,133795,448,19,6,0.32,991,28.13587707837274,27,Electronics,1
C591,Hyderabad,Telangana,169348,211,18,3,0.17,14894,26.678225065965083,32,Footwear,0
C592,Hyderabad,Telangana,524533,824,32,1,0.03,1870,20.198248948032365,53,Home Appliances,0
C593,Jaipur,Rajasthan,878533,615,44,10,0.23,19957,18.403984629592024,42,Apparel,0
C594,Lucknow,Uttar Pradesh,967182,73,34,4,0.12,8551,17.967566314687794,26,Apparel,0
C595,Bangalore,Karnataka,405323,480,17,2,0.12,13542,27.109939400954943,50,Footwear,0
C596,Jaipur,Rajasthan,742917,85,23,3,0.13,17440,27.591891166239904,30,Home Appliances,0
C597,Mumbai,Maharashtra,916558,629,16,1,0.06,18404,8.382666854759064,27,Footwear,0
C598,Lucknow,Uttar Pradesh,287567,494,6,2,0.33,19843,27.415437682091145,58,Electronics,1
C599,Lucknow,Uttar Pradesh,362230,361,10,0,0.0,5873,22.959367992964076,8,Apparel,0
C600,Lucknow,Uttar Pradesh,480573,117,45,3,0.07,17664,22.68197796942431,47,Electronics,0
C601,Jaipur,Rajasthan,905579,204,7,3,0.43,11483,19.137289462854227,43,Electronics,1
C602,Delhi,Delhi,287555,817,14,0,0.0,2181,15.489542280894181,20,Home Appliances,0
C603,Chennai,Tamil Nadu,289473,150,45,0,0.0,4811,29.010846987897846,1,Footwear,0
C604,Lucknow,Uttar Pradesh,669902,856,36,11,0.31,688,20.19959827562848,32,Electronics,1
C605,Lucknow,Uttar Pradesh,530074,482,34,2,0.06,3101,20.030414164085332,1,Electronics,0
C606,Chennai,Tamil Nadu,759172,600,44,8,0.18,7303,6.222969998575743,10,Apparel,0
C607,Kolkata,West Bengal,252436,63,7,1,0.14,19442,25.95036089481515,20,Footwear,0
C608,Bangalore,Karnataka,537211,212,11,4,0.36,5786,21.802262381535122,40,Electronics,1
C609,Kolkata,West Bengal,197649,816,7,5,0.71,10307,13.070546271012988,58,Home Appliances,1
C610,Jaipur,Rajasthan,168079,329,40,0,0.0,15927,8.363644726951275,45,Footwear,0
C611,Jaipur,Rajasthan,320038,742,38,11,0.29,7350,20.3013436232106,7,Apparel,0
C612,Chennai,Tamil Nadu,738419,898,32,2,0.06,10870,11.49150098215625,37,Footwear,0
C613,Lucknow,Uttar Pradesh,864605,677,38,3,0.08,16809,17.312611342962896,12,Electronics,0
C614,Hyderabad,Telangana,223949,54,5,1,0.2,15733,20.63651855974133,8,Electronics,0
C615,Jaipur,Rajasthan,147702,371,31,2,0.06,11957,19.010387622945665,41,Electronics,0
C616,Hyderabad,Telangana,395307,290,49,7,0.14,2722,12.694313731097427,33,Footwear,0
C617,Mumbai,Maharashtra,449472,379,48,10,0.21,13477,23.109916070275293,40,Apparel,0
C618,Hyderabad,Telangana,974329,376,26,6,0.23,16199,27.90407632933938,52,Apparel,0
C619,Delhi,Delhi,262934,672,35,2,0.06,15593,27.301458169747953,35,Footwear,0
C620,Lucknow,Uttar Pradesh,878656,87,31,0,0.0,17574,12.483593665984017,47,Footwear,0
C621,Bangalore,Karnataka,705445,731,18,3,0.17,11369,24.988383337145006,57,Footwear,0
C622,Delhi,Delhi,981578,61,22,1,0.05,11613,29.590469221629345,41,Electronics,0
C623,Jaipur,Rajasthan,724103,149,16,4,0.25,10601,22.631654601137985,21,Apparel,0
C624,Mumbai,Maharashtra,349185,410,36,1,0.03,15308,25.7364367229355,20,Electronics,0
C625,Chennai,Tamil Nadu,217683,413,16,0,0.0,1725,24.444759786519857,59,Apparel,0
C626,Bangalore,Karnataka,624344,187,35,1,0.03,6732,13.50289760597735,31,Footwear,0
C627,Delhi,Delhi,962074,558,11,0,0.0,4848,10.129677751021578,3,Home Appliances,0
C628,Mumbai,Maharashtra,426087,75,5,1,0.2,19973,26.796877325899132,22,Home Appliances,0
C629,Mumbai,Maharashtra,903398,704,38,3,0.08,10739,5.562006528966097,49,Footwear,0
C630,Hyderabad,Telangana,310297,227,25,6,0.24,9890,11.916238466701618,21,Home Appliances,0
C631,Mumbai,Maharashtra,256574,191,22,1,0.05,9466,7.861509847502541,40,Apparel,0
C632,Hyderabad,Telangana,467335,592,39,7,0.18,10936,11.776302520475689,46,Footwear,0
C633,Delhi,Delhi,426503,657,9,0,0.0,11599,18.51442755081647,4,Electronics,0
C634,Bangalore,Karnataka,502233,85,11,1,0.09,3321,15.661643630250683,12,Home Appliances,0
C635,Chennai,Tamil Nadu,957150,232,26,5,0.19,17981,6.9636401857588215,60,Home Appliances,0
C636,Mumbai,Maharashtra,591022,129,49,13,0.27,15428,12.759792112648109,42,Home Appliances,0
C637,Hyderabad,Telangana,746910,294,14,1,0.07,12409,14.801922958968778,45,Footwear,0
C638,Kolkata,West Bengal,611187,60,34,3,0.09,2641,16.88335905091596,23,Home Appliances,0
C639,Delhi,Delhi,905245,386,23,5,0.22,19331,8.184850049754543,7,Home Appliances,0
C640,Mumbai,Maharashtra,683165,695,25,6,0.24,2824,24.810773488528678,35,Home Appliances,0
C641,Jaipur,Rajasthan,533525,274,42,3,0.07,8485,18.698725431975028,31,Home Appliances,0
C642,Hyderabad,Telangana,719677,471,49,0,0.0,14765,19.180279856049786,22,Electronics,0
C643,Mumbai,Maharashtra,702080,886,50,8,0.16,16445,7.8580715120142575,39,Home Appliances,0
C644,Mumbai,Maharashtra,284731,345,33,0,0.0,13797,6.740190870735642,7,Home Appliances,0
C645,Bangalore,Karnataka,328182,866,10,1,0.1,5052,27.18153841435311,58,Apparel,0
C646,Delhi,Delhi,657062,328,33,7,0.21,13278,20.38930415696118,29,Electronics,0
C647,Kolkata,West Bengal,697978,843,24,5,0.21,10479,27.962540563816816,60,Home Appliances,0
C648,Kolkata,West Bengal,711033,38,10,1,0.1,17225,15.104935401610424,9,Footwear,0
C649,Bangalore,Karnataka,837520,603,5,2,0.4,12271,7.742457922780483,19,Apparel,1
C650,Hyderabad,Telangana,836333,634,32,0,0.0,13419,20.63035758549856,46,Home Appliances,0
C651,Jaipur,Rajasthan,321476,708,39,3,0.08,6182,16.87178532389344,13,Home Appliances,0
C652,Kolkata,West Bengal,261760,325,31,5,0.16,4613,8.356936203614389,5,Apparel,0
C653,Lucknow,Uttar Pradesh,557949,169,47,13,0.28,3274,8.430506706655564,52,Home Appliances,0
C654,Jaipur,Rajasthan,288531,495,44,2,0.05,17192,15.603117114314815,53,Home Appliances,0
C655,Hyderabad,Telangana,545405,649,16,2,0.12,743,19.448462519451407,55,Electronics,0
C656,Chennai,Tamil Nadu,672696,620,31,14,0.45,12524,5.836546901284427,3,Home Appliances,1
C657,Mumbai,Maharashtra,604923,737,42,10,0.24,3123,8.552186997641895,47,Footwear,0
C658,Lucknow,Uttar Pradesh,182034,565,38,1,0.03,3398,11.130782602811525,41,Apparel,0
C659,Chennai,Tamil Nadu,155337,381,44,21,0.48,18031,24.463178331178312,31,Home Appliances,1
C660,Lucknow,Uttar Pradesh,869460,369,41,1,0.02,14295,13.822863541651756,52,Footwear,0
C661,Bangalore,Karnataka,726667,797,49,10,0.2,10463,23.17429285217478,37,Footwear,0
C662,Lucknow,Uttar Pradesh,277292,616,42,10,0.24,2191,21.407997159355286,19,Apparel,0
C663,Mumbai,Maharashtra,630155,108,13,0,0.0,9604,11.301274361561752,40,Footwear,0
C664,Chennai,Tamil Nadu,877444,144,5,0,0.0,6221,27.75328721697817,48,Electronics,0
C665,Kolkata,West Bengal,373943,831,16,4,0.25,8239,17.122962843777458,52,Apparel,0
C666,Mumbai,Maharashtra,724473,871,14,2,0.14,5551,25.940355490138433,49,Home Appliances,0
C667,Jaipur,Rajasthan,792759,480,20,0,0.0,5981,10.271418686538448,47,Footwear,0
C668,Chennai,Tamil Nadu,155074,201,12,0,0.0,15704,14.968620068623114,20,Home Appliances,0
C669,Hyderabad,Telangana,816712,752,29,14,0.48,13281,16.864739519101594,10,Home Appliances,1
C670,Bangalore,Karnataka,936039,489,23,1,0.04,13017,21.962335131259376,34,Apparel,0
C671,Kolkata,West Bengal,740140,697,32,3,0.09,9432,13.374185165451115,18,Apparel,0
C672,Jaipur,Rajasthan,910707,721,34,5,0.15,8423,23.357836393991455,38,Electronics,0
C673,Kolkata,West Bengal,823809,214,48,0,0.0,10765,18.69031388509608,44,Apparel,0
C674,Bangalore,Karnataka,202444,567,31,9,0.29,3904,22.137488805864415,23,Electronics,0
C675,Chennai,Tamil Nadu,135695,54,17,4,0.24,3512,6.422047789861534,39,Electronics,0
C676,Mumbai,Maharashtra,225805,118,50,8,0.16,4756,14.398961003198217,49,Electronics,0
C677,Mumbai,Maharashtra,293213,289,49,2,0.04,10152,16.673889432191444,60,Apparel,0
C678,Chennai,Tamil Nadu,825846,713,32,5,0.16,11097,11.433414884277811,50,Apparel,0
C679,Bangalore,Karnataka,507466,370,29,7,0.24,2468,11.455965145603882,53,Footwear,0
C680,Mumbai,Maharashtra,310416,654,36,4,0.11,13365,9.461054251619274,32,Apparel,0
C681,Delhi,Delhi,906048,471,39,1,0.03,7656,20.34915727439116,7,Home Appliances,0
C682,Mumbai,Maharashtra,176461,102,7,1,0.14,19221,23.1886287872859,50,Home Appliances,0
C683,Bangalore,Karnataka,256085,698,36,3,0.08,528,28.322343088283322,43,Home Appliances,0
C684,Kolkata,West Bengal,702553,33,30,5,0.17,17388,22.69014130158556,50,Home Appliances,0
C685,Jaipur,Rajasthan,666366,261,9,0,0.0,608,14.61059684942576,45,Home Appliances,0
C686,Kolkata,West Bengal,814956,340,26,5,0.19,13627,6.3798668295652625,42,Apparel,0
C687,Kolkata,West Bengal,982042,500,10,4,0.4,10001,21.194814295157876,12,Apparel,1
C688,Hyderabad,Telangana,829685,429,24,0,0.0,3998,20.76542643622357,23,Home Appliances,0
C689,Mumbai,Maharashtra,559259,782,45,2,0.04,6708,8.498573794159718,13,Apparel,0
C690,Hyderabad,Telangana,507652,94,36,4,0.11,18212,21.085190942088303,32,Home Appliances,0
C691,Bangalore,Karnataka,455766,87,7,0,0.0,11566,24.69446329791322,3,Home Appliances,0
C692,Mumbai,Maharashtra,946309,699,18,2,0.11,17641,16.459259118901524,44,Electronics,0
C693,Hyderabad,Telangana,138669,783,9,1,0.11,5139,17.222367833150834,2,Home Appliances,0
C694,Bangalore,Karnataka,835363,694,20,7,0.35,4777,5.359130124049075,41,Apparel,1
C695,Mumbai,Maharashtra,740916,204,34,7,0.21,19867,6.598940383233161,53,Apparel,0
C696,Hyderabad,Telangana,943530,237,9,1,0.11,14466,13.433577755749416,54,Home Appliances,0
C697,Kolkata,West Bengal,817318,619,12,0,0.0,18387,8.433235049543878,54,Electronics,0
C698,Delhi,Delhi,166292,153,26,1,0.04,9474,8.530920065483093,27,Electronics,0
C699,Delhi,Delhi,355479,625,33,3,0.09,1833,8.334271926426858,51,Home Appliances,0
C700,Bangalore,Karnataka,184643,36,36,6,0.17,736,9.48532140369284,6,Footwear,0
C701,Lucknow,Uttar Pradesh,233056,241,49,1,0.02,5188,20.995642593307373,34,Home Appliances,0
C702,Delhi,Delhi,825272,68,44,5,0.11,6398,22.929968889781765,40,Apparel,0
C703,Chennai,Tamil Nadu,539128,34,27,4,0.15,18775,10.890975183230427,8,Apparel,0
C704,Hyderabad,Telangana,907750,671,34,9,0.26,7319,11.91066459809784,13,Apparel,0
C705,Delhi,Delhi,984769,515,48,1,0.02,16802,9.40809543426327,43,Apparel,0
C706,Bangalore,Karnataka,481884,321,46,0,0.0,7367,15.866791056726457,22,Home Appliances,0
C707,Bangalore,Karnataka,284431,191,39,1,0.03,1452,17.126534900610096,8,Apparel,0
C708,Lucknow,Uttar Pradesh,707924,363,42,6,0.14,14231,9.968784888663656,44,Footwear,0
C709,Mumbai,Maharashtra,338846,130,25,0,0.0,8269,23.443696650228546,56,Electronics,0
C710,Hyderabad,Telangana,593869,629,9,2,0.22,16373,6.358483897613144,28,Electronics,0
C711,Lucknow,Uttar Pradesh,506145,412,16,1,0.06,4969,16.44350482520111,13,Footwear,0
C712,Hyderabad,Telangana,233391,62,26,2,0.08,19134,6.491292990856646,9,Apparel,0
C713,Lucknow,Uttar Pradesh,538539,205,34,0,0.0,11758,10.4963391062634,19,Electronics,0
C714,Delhi,Delhi,679606,265,41,5,0.12,3333,15.292403559568106,34,Home Appliances,0
C715,Hyderabad,Telangana,596489,887,42,1,0.02,15663,11.979271958489688,47,Home Appliances,0
C716,Hyderabad,Telangana,443194,474,20,5,0.25,19487,10.56016525101338,60,Electronics,0
C717,Bangalore,Karnataka,146372,71,31,10,0.32,15922,23.33690754484504,33,Apparel,1
C718,Jaipur,Rajasthan,949049,847,35,0,0.0,3711,16.311034205422743,16,Apparel,0
C719,Bangalore,Karnataka,867333,446,49,0,0.0,7643,8.317800044716464,19,Electronics,0
C720,Mumbai,Maharashtra,603088,715,6,1,0.17,10488,9.045070838798672,30,Apparel,0
C721,Lucknow,Uttar Pradesh,837290,445,13,4,0.31,6560,24.74646781972643,24,Home Appliances,1
C722,Bangalore,Karnataka,174132,424,45,2,0.04,11408,18.273008173837173,19,Home Appliances,0
C723,Hyderabad,Telangana,184891,665,48,16,0.33,11500,23.394019628361473,4,Footwear,1
C724,Bangalore,Karnataka,501557,404,12,0,0.0,15748,20.478336259885566,24,Footwear,0
C725,Mumbai,Maharashtra,843793,822,40,8,0.2,7208,8.460145179415422,22,Electronics,0
C726,Mumbai,Maharashtra,601736,785,46,0,0.0,19509,26.77828456444735,45,Electronics,0
C727,Hyderabad,Telangana,469844,303,25,5,0.2,17000,22.005668473044246,18,Apparel,0
C728,Kolkata,West Bengal,609845,543,33,9,0.27,17758,25.738995656875787,31,Footwear,0
C729,Lucknow,Uttar Pradesh,486028,849,44,3,0.07,2650,9.708839560282083,57,Home Appliances,0
C730,Mumbai,Maharashtra,509660,213,10,1,0.1,9949,28.956412627664754,5,Apparel,0
C731,Mumbai,Maharashtra,255141,538,49,17,0.35,5431,26.87482848842743,34,Apparel,1
C732,Delhi,Delhi,463541,460,35,7,0.2,15044,23.442731098213127,2,Footwear,0
C733,Bangalore,Karnataka,975505,562,19,0,0.0,11506,15.292293239143602,22,Footwear,0
C734,Lucknow,Uttar Pradesh,418853,610,34,3,0.09,4823,27.457048071426946,20,Electronics,0
C735,Hyderabad,Telangana,489967,325,35,4,0.11,2050,8.708458385080267,19,Home Appliances,0
C736,Delhi,Delhi,268600,758,44,2,0.05,18041,12.131164554931317,12,Electronics,0
C737,Mumbai,Maharashtra,432006,618,7,0,0.0,4644,16.022215943859365,24,Electronics,0
C738,Bangalore,Karnataka,432339,382,47,8,0.17,5347,14.322873400231654,35,Electronics,0
C739,Mumbai,Maharashtra,524214,541,6,0,0.0,5263,28.694726351283627,60,Footwear,0
C740,Kolkata,West Bengal,839719,332,46,3,0.07,16029,27.39943636391818,49,Electronics,0
C741,Lucknow,Uttar Pradesh,822622,145,26,3,0.12,16195,27.504361726358702,9,Apparel,0
C742,Jaipur,Rajasthan,981723,255,44,8,0.18,15113,13.934838714540213,21,Apparel,0
C743,Hyderabad,Telangana,652005,257,42,3,0.07,9607,9.892891835896046,6,Home Appliances,0
C744,Mumbai,Maharashtra,513583,229,37,5,0.14,16571,12.943945304150109,39,Apparel,0
C745,Kolkata,West Bengal,255132,763,30,9,0.3,14512,14.240749177730198,24,Apparel,0
C746,Kolkata,West Bengal,567220,604,24,6,0.25,3370,10.392378890487056,57,Home Appliances,0
C747,Jaipur,Rajasthan,402654,197,33,4,0.12,14388,23.215137887080914,27,Electronics,0
C748,Mumbai,Maharashtra,317877,340,14,3,0.21,16052,29.709560697437418,34,Footwear,0
C749,Jaipur,Rajasthan,106940,449,10,1,0.1,9456,15.362850348445216,36,Home Appliances,0
C750,Delhi,Delhi,295041,882,17,5,0.29,13009,12.236579163720258,32,Apparel,0
C751,Chennai,Tamil Nadu,418677,535,42,4,0.1,18826,23.496400576727805,15,Apparel,0
C752,Delhi,Delhi,414750,685,21,7,0.33,15984,8.10442310828957,43,Footwear,1
C753,Lucknow,Uttar Pradesh,776106,280,49,14,0.29,1432,7.9838665881600885,18,Home Appliances,0
C754,Mumbai,Maharashtra,881782,400,43,4,0.09,19540,17.01214763625983,28,Footwear,0
C755,Lucknow,Uttar Pradesh,958029,152,49,9,0.18,12729,17.813146735161034,37,Apparel,0
C756,Delhi,Delhi,161352,179,42,2,0.05,10975,16.526099197253075,45,Electronics,0
C757,Bangalore,Karnataka,478707,459,22,7,0.32,12164,6.217872517156637,19,Apparel,1
C758,Delhi,Delhi,727847,800,11,1,0.09,5976,18.592808381208563,56,Footwear,0
C759,Chennai,Tamil Nadu,818739,744,22,8,0.36,12379,7.395835245851485,38,Footwear,1
C760,Delhi,Delhi,243601,560,5,0,0.0,9721,14.325354877637295,32,Home Appliances,0
C761,Delhi,Delhi,328459,188,11,0,0.0,16994,10.527837543110092,13,Apparel,0
C762,Mumbai,Maharashtra,958620,164,12,1,0.08,1069,16.987955746838807,20,Footwear,0
C763,Lucknow,Uttar Pradesh,648532,811,43,3,0.07,11708,9.305178990568013,20,Apparel,0
C764,Mumbai,Maharashtra,234966,740,19,6,0.32,5164,22.201178935649697,20,Electronics,1
C765,Hyderabad,Telangana,182423,465,13,2,0.15,4160,6.9433824380499125,50,Home Appliances,0
C766,Bangalore,Karnataka,213054,63,17,0,0.0,17325,19.82940429062866,31,Apparel,0
C767,Chennai,Tamil Nadu,169465,338,7,0,0.0,836,23.86375678638063,51,Apparel,0
C768,Hyderabad,Telangana,309740,219,42,1,0.02,12019,5.731477903347333,10,Footwear,0
C769,Kolkata,West Bengal,268356,542,27,8,0.3,8424,17.622730726420016,5,Apparel,0
C770,Bangalore,Karnataka,327538,762,38,1,0.03,6776,29.106594972658304,11,Apparel,0
C771,Mumbai,Maharashtra,628687,754,18,8,0.44,16055,14.161575641135295,38,Electronics,1
C772,Mumbai,Maharashtra,975290,393,16,3,0.19,12939,15.602296183681858,33,Electronics,0
C773,Kolkata,West Bengal,588533,142,12,0,0.0,17530,8.397809247638286,49,Footwear,0
C774,Chennai,Tamil Nadu,857215,71,40,0,0.0,3195,13.202885183265954,8,Home Appliances,0
C775,Chennai,Tamil Nadu,981946,484,48,5,0.1,7901,18.84789727763873,19,Home Appliances,0
C776,Mumbai,Maharashtra,812120,406,35,0,0.0,6375,5.319646112383029,44,Home Appliances,0
C777,Jaipur,Rajasthan,648051,704,33,0,0.0,3285,7.9804460971369515,26,Home Appliances,0
C778,Mumbai,Maharashtra,167853,402,15,0,0.0,7023,13.465791158427201,39,Home Appliances,0
C779,Mumbai,Maharashtra,978821,464,19,0,0.0,16854,11.962958306971379,46,Footwear,0
C780,Jaipur,Rajasthan,598940,712,27,2,0.07,13752,29.68808004344494,33,Footwear,0
C781,Lucknow,Uttar Pradesh,228125,286,11,0,0.0,16534,17.431844553131945,41,Electronics,0
C782,Bangalore,Karnataka,622332,724,9,2,0.22,1376,29.30181376246655,25,Footwear,0
C783,Delhi,Delhi,752179,668,24,0,0.0,3656,24.00428609485128,43,Home Appliances,0
C784,Hyderabad,Telangana,794255,539,23,2,0.09,16564,17.619868900937078,35,Footwear,0
C785,Bangalore,Karnataka,551313,151,7,1,0.14,13070,16.25288797813639,55,Home Appliances,0
C786,Lucknow,Uttar Pradesh,137728,63,34,0,0.0,6295,18.91666376207229,56,Footwear,0
C787,Delhi,Delhi,551601,167,36,5,0.14,10738,22.89307974075535,32,Apparel,0
C788,Lucknow,Uttar Pradesh,680684,731,47,1,0.02,18174,19.30525583584204,31,Electronics,0
C789,Jaipur,Rajasthan,618721,635,21,4,0.19,12879,20.42349190944578,23,Footwear,0
C790,Bangalore,Karnataka,147310,161,42,14,0.33,12506,13.72191969483223,48,Apparel,1
C791,Kolkata,West Bengal,202078,468,29,7,0.24,11809,29.798638067648945,27,Footwear,0
C792,Hyderabad,Telangana,346019,693,20,5,0.25,10726,19.813291669812376,59,Apparel,0
C793,Mumbai,Maharashtra,278026,50,26,14,0.54,18142,13.152920945990386,30,Home Appliances,1
C794,Jaipur,Rajasthan,121393,742,22,2,0.09,15891,19.699730839996867,21,Home Appliances,0
C795,Kolkata,West Bengal,202472,857,41,6,0.15,16502,7.501417080101362,44,Electronics,0
C796,Kolkata,West Bengal,627191,860,36,3,0.08,11626,9.165680448492592,20,Footwear,0
C797,Hyderabad,Telangana,766311,897,36,4,0.11,2968,26.009512217777647,35,Electronics,0
C798,Chennai,Tamil Nadu,149840,334,21,0,0.0,19293,15.050683804713751,15,Apparel,0
C799,Mumbai,Maharashtra,453200,309,42,4,0.1,2704,19.160707369667602,34,Home Appliances,0
C800,Kolkata,West Bengal,783185,873,9,0,0.0,10390,17.615988367074486,20,Home Appliances,0
C801,Kolkata,West Bengal,534439,441,17,4,0.24,8733,20.624096899362137,30,Electronics,0
C802,Delhi,Delhi,623452,248,41,8,0.2,15812,11.698398839153892,41,Home Appliances,0
C803,Bangalore,Karnataka,310394,403,38,4,0.11,15654,8.693592220614466,10,Footwear,0
C804,Jaipur,Rajasthan,434132,880,31,0,0.0,2611,20.848187208838393,55,Home Appliances,0
C805,Chennai,Tamil Nadu,268384,292,46,14,0.3,8237,15.146648481205741,8,Electronics,1
C806,Hyderabad,Telangana,357516,846,6,0,0.0,10675,16.603992522765388,36,Home Appliances,0
C807,Bangalore,Karnataka,267099,309,17,2,0.12,4970,5.728546689897186,51,Footwear,0
C808,Delhi,Delhi,993933,73,46,13,0.28,16420,24.555843625200676,4,Apparel,0
C809,Chennai,Tamil Nadu,526777,402,9,3,0.33,3459,14.922376264475682,54,Electronics,1
C810,Mumbai,Maharashtra,796482,878,38,12,0.32,19519,28.74186250848991,60,Footwear,1
C811,Mumbai,Maharashtra,728958,155,20,1,0.05,10769,13.232147774162545,38,Home Appliances,0
C812,Hyderabad,Telangana,328598,177,32,15,0.47,4000,9.378856385892002,18,Home Appliances,1
C813,Bangalore,Karnataka,659383,413,36,16,0.44,4201,12.912248660949064,28,Home Appliances,1
C814,Chennai,Tamil Nadu,480631,516,14,4,0.29,12550,25.53413415479872,2,Apparel,0
C815,Bangalore,Karnataka,927119,717,49,25,0.51,8353,11.324572405354658,25,Footwear,1
C816,Kolkata,West Bengal,227982,577,48,12,0.25,8245,26.441178478748128,25,Apparel,0
C817,Jaipur,Rajasthan,415504,122,21,1,0.05,8215,12.435572559085951,56,Electronics,0
C818,Kolkata,West Bengal,526024,838,46,6,0.13,1610,11.850913142123183,6,Home Appliances,0
C819,Jaipur,Rajasthan,852233,462,26,3,0.12,3789,25.61002164340454,45,Footwear,0
C820,Mumbai,Maharashtra,541314,646,27,0,0.0,18447,23.444638015100423,30,Apparel,0
C821,Delhi,Delhi,564943,840,45,6,0.13,4959,5.07689509553124,13,Footwear,0
C822,Mumbai,Maharashtra,265488,285,12,1,0.08,17420,22.8390985298277,50,Electronics,0
C823,Jaipur,Rajasthan,573421,519,25,5,0.2,4874,11.516996989674684,44,Footwear,0
C824,Hyderabad,Telangana,534631,406,10,1,0.1,6460,14.837354510350155,25,Electronics,0
C825,Bangalore,Karnataka,778540,656,40,12,0.3,7994,27.671119512799486,30,Electronics,0
C826,Delhi,Delhi,520515,662,8,0,0.0,14554,20.009818274557176,10,Apparel,0
C827,Delhi,Delhi,223050,44,41,7,0.17,17730,15.878968382879965,59,Home Appliances,0
C828,Lucknow,Uttar Pradesh,335388,760,12,1,0.08,7156,9.763604131723254,56,Footwear,0
C829,Lucknow,Uttar Pradesh,236523,471,29,10,0.34,7270,20.00206966243062,53,Footwear,1
C830,Hyderabad,Telangana,289131,448,31,13,0.42,5282,5.719327906182585,17,Electronics,1
C831,Hyderabad,Telangana,711218,730,28,8,0.29,15513,7.143466847077056,31,Electronics,0
C832,Jaipur,Rajasthan,322526,760,48,6,0.12,13066,22.711329166459095,48,Footwear,0
C833,Bangalore,Karnataka,449031,270,8,3,0.38,15931,27.70566343409972,39,Apparel,1
C834,Jaipur,Rajasthan,513869,717,24,4,0.17,12653,8.305956342827118,58,Apparel,0
C835,Delhi,Delhi,278117,545,21,0,0.0,16649,28.25817352890535,57,Home Appliances,0
C836,Delhi,Delhi,432731,757,10,2,0.2,17880,15.823241461402871,17,Apparel,0
C837,Kolkata,West Bengal,234082,541,7,0,0.0,9707,23.695584192982352,60,Home Appliances,0
C838,Chennai,Tamil Nadu,969887,809,44,10,0.23,9142,17.924317142555545,28,Electronics,0
C839,Kolkata,West Bengal,900771,184,36,0,0.0,18708,26.32584153168887,43,Home Appliances,0
C840,Delhi,Delhi,341026,217,8,0,0.0,1675,16.756188284647457,11,Home Appliances,0
C841,Lucknow,Uttar Pradesh,562966,395,7,1,0.14,18878,17.12998786154384,32,Apparel,0
C842,Delhi,Delhi,466586,125,12,0,0.0,7175,26.704327740541927,12,Electronics,0
C843,Chennai,Tamil Nadu,795350,629,41,19,0.46,7459,19.58868477456356,1,Electronics,1
C844,Mumbai,Maharashtra,905572,540,20,5,0.25,3590,27.184192450467084,2,Footwear,0
C845,Mumbai,Maharashtra,491704,634,30,4,0.13,3975,25.924430214527685,10,Apparel,0
C846,Lucknow,Uttar Pradesh,758879,305,34,0,0.0,19970,21.45015757639061,22,Apparel,0
C847,Lucknow,Uttar Pradesh,867080,781,25,3,0.12,19150,8.233004959554755,56,Apparel,0
C848,Chennai,Tamil Nadu,936917,86,25,2,0.08,2817,18.678905545156482,39,Home Appliances,0
C849,Chennai,Tamil Nadu,351742,819,16,1,0.06,13571,7.229707691913848,55,Electronics,0
C850,Jaipur,Rajasthan,778604,800,23,2,0.09,5550,8.015049602565664,32,Home Appliances,0
C851,Chennai,Tamil Nadu,732829,164,48,11,0.23,12265,21.638007405421043,54,Footwear,0
C852,Lucknow,Uttar Pradesh,506941,517,33,11,0.33,9297,19.07642692333846,28,Apparel,1
C853,Kolkata,West Bengal,295408,474,44,7,0.16,14459,7.323686525307239,33,Footwear,0
C854,Hyderabad,Telangana,819571,760,46,0,0.0,5581,28.26669031667006,34,Apparel,0
C855,Jaipur,Rajasthan,940480,519,10,3,0.3,10343,8.715163466369031,9,Footwear,0
C856,Jaipur,Rajasthan,696152,78,23,1,0.04,18554,6.913312993441152,3,Apparel,0
C857,Jaipur,Rajasthan,199074,505,31,0,0.0,19127,25.320618944872233,23,Footwear,0
C858,Bangalore,Karnataka,876487,707,12,0,0.0,15667,9.488804896581374,12,Home Appliances,0
C859,Jaipur,Rajasthan,412106,351,50,12,0.24,19741,23.102367120794604,49,Home Appliances,0
C860,Chennai,Tamil Nadu,949352,221,26,5,0.19,7416,9.627184770669885,48,Footwear,0
C861,Mumbai,Maharashtra,660333,48,32,3,0.09,691,14.873346074796888,1,Electronics,0
C862,Lucknow,Uttar Pradesh,524769,703,49,14,0.29,16448,12.569999549258384,53,Footwear,0
C863,Jaipur,Rajasthan,191892,158,24,0,0.0,4927,5.346897950545341,8,Apparel,0
C864,Hyderabad,Telangana,319393,522,6,0,0.0,5256,21.243495650921055,28,Electronics,0
C865,Lucknow,Uttar Pradesh,597013,462,14,4,0.29,1214,7.911470488851048,58,Electronics,0
C866,Lucknow,Uttar Pradesh,594392,50,36,5,0.14,15229,19.630656734598734,13,Footwear,0
C867,Jaipur,Rajasthan,450067,38,8,0,0.0,3864,20.760247008433474,46,Home Appliances,0
C868,Jaipur,Rajasthan,872882,622,36,0,0.0,18663,29.97565919361534,3,Home Appliances,0
C869,Lucknow,Uttar Pradesh,848987,92,19,1,0.05,17811,5.475491475687276,37,Footwear,0
C870,Chennai,Tamil Nadu,537400,514,46,4,0.09,4331,17.369720008726546,42,Footwear,0
C871,Jaipur,Rajasthan,269170,324,6,0,0.0,6798,16.73101092574138,29,Electronics,0
C872,Kolkata,West Bengal,994911,892,43,14,0.33,15850,8.278964177365115,19,Home Appliances,1
C873,Kolkata,West Bengal,938603,894,35,16,0.46,5809,20.546059460790566,19,Apparel,1
C874,Delhi,Delhi,309174,190,16,2,0.12,16627,7.522593139388124,27,Home Appliances,0
C875,Hyderabad,Telangana,149334,48,40,4,0.1,12256,27.022652674616875,23,Electronics,0
C876,Delhi,Delhi,133522,856,37,3,0.08,2586,13.443368865292605,8,Electronics,0
C877,Hyderabad,Telangana,370346,378,36,5,0.14,12140,24.234347538403487,50,Footwear,0
C878,Mumbai,Maharashtra,152871,478,50,10,0.2,15479,29.06617772608939,49,Apparel,0
C879,Mumbai,Maharashtra,144008,549,40,18,0.45,3954,9.176157457740253,8,Electronics,1
C880,Delhi,Delhi,842563,482,23,1,0.04,17077,17.459775010599174,56,Apparel,0
C881,Kolkata,West Bengal,958952,171,26,5,0.19,4529,26.214877292865946,29,Home Appliances,0
C882,Bangalore,Karnataka,975365,858,20,1,0.05,16021,13.533001744515875,33,Electronics,0
C883,Kolkata,West Bengal,891512,454,50,2,0.04,12317,20.736010049468884,16,Electronics,0
C884,Jaipur,Rajasthan,244697,851,19,7,0.37,14551,15.335235468674462,27,Home Appliances,1
C885,Kolkata,West Bengal,564077,179,6,1,0.17,825,22.94064339366683,34,Apparel,0
C886,Kolkata,West Bengal,909891,198,30,1,0.03,14723,6.536708212134663,49,Apparel,0
C887,Delhi,Delhi,160617,676,41,9,0.22,17532,29.316528680869272,27,Home Appliances,0
C888,Chennai,Tamil Nadu,460875,38,25,1,0.04,9667,27.50521304603512,40,Electronics,0
C889,Jaipur,Rajasthan,775156,240,33,0,0.0,18339,20.608992015634023,40,Home Appliances,0
C890,Jaipur,Rajasthan,416178,116,17,4,0.24,1711,18.435837316232345,25,Electronics,0
C891,Chennai,Tamil Nadu,197328,553,18,2,0.11,18580,12.80631034101096,22,Electronics,0
C892,Chennai,Tamil Nadu,972655,822,20,2,0.1,10459,23.162731159989885,33,Apparel,0
C893,Bangalore,Karnataka,372374,672,28,1,0.04,17129,13.861833647603731,4,Apparel,0
C894,Bangalore,Karnataka,455446,271,34,10,0.29,19557,19.139930664495957,58,Electronics,0
C895,Chennai,Tamil Nadu,922911,864,47,2,0.04,19268,21.810845050955468,46,Home Appliances,0
C896,Hyderabad,Telangana,443772,558,11,2,0.18,19583,9.813881557964294,50,Footwear,0
C897,Delhi,Delhi,546370,878,50,14,0.28,14002,7.048679085867219,4,Home Appliances,0
C898,Lucknow,Uttar Pradesh,567836,109,18,2,0.11,12601,21.920561068925185,26,Home Appliances,0
C899,Lucknow,Uttar Pradesh,543990,480,45,15,0.33,16541,23.292924011735707,27,Electronics,1
C900,Delhi,Delhi,845695,498,36,3,0.08,4739,29.200795163311938,33,Apparel,0
C901,Lucknow,Uttar Pradesh,134191,794,35,6,0.17,5639,28.601739026424788,24,Apparel,0
C902,Jaipur,Rajasthan,226737,408,12,0,0.0,19235,12.239764377527337,34,Electronics,0
C903,Chennai,Tamil Nadu,417991,331,28,2,0.07,16422,5.699444635064098,10,Electronics,0
C904,Jaipur,Rajasthan,419987,320,8,0,0.0,7564,9.576928321109165,48,Home Appliances,0
C905,Bangalore,Karnataka,674134,387,12,0,0.0,2713,26.760663398482365,27,Home Appliances,0
C906,Lucknow,Uttar Pradesh,919304,416,26,1,0.04,16072,25.8614997044268,54,Electronics,0
C907,Lucknow,Uttar Pradesh,799631,489,33,13,0.39,5381,26.65863881406638,21,Apparel,1
C908,Jaipur,Rajasthan,344131,434,29,7,0.24,11608,18.524861269783173,43,Home Appliances,0
C909,Mumbai,Maharashtra,841561,55,15,1,0.07,19243,20.75273029434658,50,Footwear,0
C910,Mumbai,Maharashtra,686523,117,46,10,0.22,6805,28.87920815846027,35,Apparel,0
C911,Hyderabad,Telangana,627054,49,35,9,0.26,4441,21.456360358033663,35,Electronics,0
C912,Bangalore,Karnataka,924974,240,22,1,0.05,8537,25.742263776365238,54,Home Appliances,0
C913,Kolkata,West Bengal,717499,76,30,8,0.27,16604,26.5493583928512,2,Footwear,0
C914,Jaipur,Rajasthan,653545,354,6,2,0.33,13017,11.42944482919296,8,Apparel,1
C915,Chennai,Tamil Nadu,291542,291,14,2,0.14,3436,8.855684270485158,27,Electronics,0
C916,Bangalore,Karnataka,441092,215,44,5,0.11,1390,22.83251558588851,20,Home Appliances,0
C917,Delhi,Delhi,439966,294,31,0,0.0,12804,28.53943788031887,58,Apparel,0
C918,Hyderabad,Telangana,714496,272,43,12,0.28,16653,17.71553183950297,33,Home Appliances,0
C919,Chennai,Tamil Nadu,433799,505,8,0,0.0,18624,15.176911589774901,31,Apparel,0
C920,Hyderabad,Telangana,382234,597,6,0,0.0,19707,21.877435725463442,16,Electronics,0
C921,Chennai,Tamil Nadu,526504,486,41,0,0.0,3249,26.156946315578928,33,Electronics,0
C922,Delhi,Delhi,666692,202,28,5,0.18,8533,18.438390745336676,28,Home Appliances,0
C923,Lucknow,Uttar Pradesh,403300,698,44,11,0.25,5984,5.0135732926754315,60,Home Appliances,0
C924,Chennai,Tamil Nadu,363076,889,43,1,0.02,12956,29.98104671974069,54,Electronics,0
C925,Chennai,Tamil Nadu,269257,786,7,1,0.14,18001,19.077039448532318,20,Apparel,0
C926,Mumbai,Maharashtra,860294,599,13,1,0.08,9657,26.95698235779301,14,Footwear,0
C927,Kolkata,West Bengal,374056,800,45,21,0.47,15334,11.825328477831235,43,Footwear,1
C928,Lucknow,Uttar Pradesh,444412,46,43,10,0.23,4881,21.1610822979841,1,Home Appliances,0
C929,Bangalore,Karnataka,281965,453,48,6,0.12,18712,27.38170443037337,46,Home Appliances,0
C930,Mumbai,Maharashtra,782902,109,46,8,0.17,18150,5.773688013213161,54,Home Appliances,0
C931,Kolkata,West Bengal,967661,645,29,10,0.34,12229,14.668775867146742,54,Apparel,1
C932,Kolkata,West Bengal,566173,39,17,1,0.06,7758,23.57861113171683,49,Footwear,0
C933,Kolkata,West Bengal,194336,865,17,0,0.0,10434,25.210362359473393,15,Electronics,0
C934,Lucknow,Uttar Pradesh,138583,317,28,2,0.07,16649,27.612689752885643,46,Electronics,0
C935,Jaipur,Rajasthan,390819,612,12,0,0.0,16894,17.350283036097345,36,Electronics,0
C936,Delhi,Delhi,716735,161,9,2,0.22,2631,8.185772757907298,60,Electronics,0
C937,Chennai,Tamil Nadu,988843,724,17,0,0.0,1257,29.798783840576323,45,Footwear,0
C938,Lucknow,Uttar Pradesh,547861,686,5,1,0.2,2199,26.346495289124423,21,Home Appliances,0
C939,Jaipur,Rajasthan,227630,726,22,3,0.14,17483,16.664668190400064,24,Apparel,0
C940,Hyderabad,Telangana,391433,460,8,0,0.0,17946,16.22153742541409,1,Home Appliances,0
C941,Mumbai,Maharashtra,946906,55,41,11,0.27,7893,29.452390277674226,28,Apparel,0
C942,Hyderabad,Telangana,445217,348,15,2,0.13,2559,20.649867174270508,7,Apparel,0
C943,Bangalore,Karnataka,935946,671,42,8,0.19,11454,26.012689592393016,16,Apparel,0
C944,Kolkata,West Bengal,961545,371,8,0,0.0,17528,24.85277798711204,5,Home Appliances,0
C945,Lucknow,Uttar Pradesh,230889,117,42,20,0.48,2488,27.917859448742806,25,Footwear,1
C946,Mumbai,Maharashtra,165014,851,13,5,0.38,14980,6.369720753556317,40,Home Appliances,1
C947,Mumbai,Maharashtra,810477,87,11,0,0.0,18825,6.305078583753996,55,Home Appliances,0
C948,Jaipur,Rajasthan,728700,836,19,2,0.11,847,16.335281167909507,30,Home Appliances,0
C949,Mumbai,Maharashtra,782540,721,26,1,0.04,1351,16.35191908426823,22,Electronics,0
C950,Bangalore,Karnataka,847948,99,43,13,0.3,19927,24.735410593595255,13,Electronics,1
C951,Chennai,Tamil Nadu,541457,522,27,4,0.15,15069,9.648085170081345,9,Apparel,0
C952,Chennai,Tamil Nadu,557019,555,42,5,0.12,12222,12.779706005689857,57,Electronics,0
C953,Chennai,Tamil Nadu,459557,328,43,4,0.09,12585,29.256776461020454,34,Electronics,0
C954,Bangalore,Karnataka,631741,868,20,0,0.0,18832,26.46755513820933,28,Footwear,0
C955,Hyderabad,Telangana,311037,834,45,11,0.24,2741,13.538798091813096,43,Home Appliances,0
C956,Lucknow,Uttar Pradesh,826048,369,43,3,0.07,19453,19.152422726725206,22,Footwear,0
C957,Delhi,Delhi,576370,838,11,3,0.27,1882,17.39826683316489,59,Apparel,0
C958,Hyderabad,Telangana,754227,248,34,6,0.18,8332,17.018655191098556,50,Footwear,0
C959,Jaipur,Rajasthan,519758,218,18,1,0.06,720,14.070428648943471,5,Footwear,0
C960,Mumbai,Maharashtra,404691,480,14,5,0.36,6870,20.783364434854384,59,Footwear,1
C961,Bangalore,Karnataka,307434,320,17,3,0.18,6206,10.47362601112243,17,Electronics,0
C962,Kolkata,West Bengal,357912,212,40,0,0.0,6922,5.537300701453799,54,Footwear,0
C963,Bangalore,Karnataka,243910,418,48,17,0.35,4136,13.459581981620584,14,Footwear,1
C964,Kolkata,West Bengal,793013,205,28,4,0.14,17766,29.427546150800367,40,Home Appliances,0
C965,Mumbai,Maharashtra,251448,163,12,0,0.0,6714,9.79203230376443,25,Footwear,0
C966,Jaipur,Rajasthan,356428,77,45,10,0.22,19745,9.727554107911033,35,Footwear,0
C967,Kolkata,West Bengal,155846,674,20,3,0.15,9677,26.821287297915394,55,Home Appliances,0
C968,Mumbai,Maharashtra,929420,709,35,0,0.0,2625,9.185838533307201,25,Footwear,0
C969,Lucknow,Uttar Pradesh,437456,759,16,0,0.0,12751,18.136891777535837,31,Home Appliances,0
C970,Jaipur,Rajasthan,929029,627,45,11,0.24,1699,10.179989937604642,58,Electronics,0
C971,Hyderabad,Telangana,329212,343,30,9,0.3,14427,27.217723238669887,37,Electronics,0
C972,Kolkata,West Bengal,677295,116,21,6,0.29,4901,23.790568799530742,19,Home Appliances,0
C973,Hyderabad,Telangana,143141,506,42,7,0.17,17285,20.528145495126765,28,Home Appliances,0
C974,Jaipur,Rajasthan,943584,539,28,6,0.21,10888,11.825486641818829,2,Electronics,0
C975,Chennai,Tamil Nadu,179574,397,46,2,0.04,3200,12.362945534773802,33,Apparel,0
C976,Chennai,Tamil Nadu,203189,151,19,2,0.11,2837,14.005922272481282,35,Electronics,0
C977,Kolkata,West Bengal,417420,793,21,5,0.24,9493,9.766060915895295,39,Electronics,0
C978,Chennai,Tamil Nadu,907483,336,5,0,0.0,9735,25.55772139628089,51,Home Appliances,0
C979,Bangalore,Karnataka,785864,554,35,3,0.09,5391,26.636653020513297,15,Electronics,0
C980,Hyderabad,Telangana,345076,558,35,5,0.14,19734,24.649366206045308,49,Home Appliances,0
C981,Lucknow,Uttar Pradesh,930382,117,26,1,0.04,10758,26.14504169446352,28,Home Appliances,0
C982,Hyderabad,Telangana,571829,601,33,1,0.03,1486,14.367504183007444,37,Electronics,0
C983,Chennai,Tamil Nadu,624078,859,5,0,0.0,12121,13.49555604634632,27,Home Appliances,0
C984,Jaipur,Rajasthan,663718,336,49,10,0.2,11184,19.67387713924792,37,Apparel,0
C985,Delhi,Delhi,695791,674,26,6,0.23,19304,26.673618888647457,25,Electronics,0
C986,Jaipur,Rajasthan,660453,425,9,0,0.0,6671,16.86944136556952,22,Home Appliances,0
C987,Chennai,Tamil Nadu,279750,136,10,0,0.0,18617,9.440902365755132,53,Home Appliances,0
C988,Hyderabad,Telangana,504639,320,9,2,0.22,7246,10.825985649806544,43,Apparel,0
C989,Kolkata,West Bengal,111583,205,38,6,0.16,11207,26.49268368441843,27,Home Appliances,0
C990,Mumbai,Maharashtra,662511,458,13,2,0.15,16171,23.578568858795425,25,Electronics,0
C991,Delhi,Delhi,424803,472,18,0,0.0,16057,8.96953124622059,37,Footwear,0
C992,Lucknow,Uttar Pradesh,311500,37,22,1,0.05,5175,16.14328951835074,53,Home Appliances,0
C993,Hyderabad,Telangana,444867,612,38,5,0.13,16587,16.505114000792698,37,Apparel,0
C994,Chennai,Tamil Nadu,578472,385,46,6,0.13,10246,14.777259195787366,53,Electronics,0
C995,Delhi,Delhi,868862,472,44,4,0.09,15502,14.616624919852818,43,Electronics,0
C996,Mumbai,Maharashtra,832582,74,30,0,0.0,8354,27.138545451786293,11,Footwear,0
C997,Chennai,Tamil Nadu,169986,744,47,6,0.13,7619,27.718411775955477,27,Apparel,0
C998,Kolkata,West Bengal,892091,137,9,1,0.11,17028,24.16347700720851,21,Home Appliances,0
C999,Lucknow,Uttar Pradesh,365045,242,15,0,0.0,17082,6.115879130022132,2,Apparel,0
C1000,Lucknow,Uttar Pradesh,460351,793,29,9,0.31,13585,26.39432862296767,26,Apparel,1
